customer_id,full_name,email,phone,date_of_birth,city,kyc_status
1,Lopa Dass,lopa.dass@gmail.com,2974367225,1997-01-20,Indore,VERIFIED
2,Aahana Bassi,aahana.bassi@gmail.com,6145461415,1979-12-07,Kanpur,VERIFIED
3,Dipta Morar,dipta.morar@gmail.com,3755115785,1989-06-21,Indore,VERIFIED
4,Ekalinga Shetty,ekalinga.shetty@gmail.com,3488747447,1964-01-31,Chandigarh,VERIFIED
5,Kritika More,kritika.more@gmail.com,4157817303,2004-11-21,Bhopal,VERIFIED
6,Nitara Palan,nitara.palan@gmail.com,7223871961,1968-01-14,Kanpur,VERIFIED
7,Dhruv Patla,dhruv.patla@gmail.com,3616290837,1981-06-13,Chandigarh,VERIFIED
8,Christopher Sharaf,christopher.sharaf@gmail.com,0702858507,1990-01-07,Delhi,VERIFIED
9,Tanmayi Venkatesh,tanmayi.venkatesh@gmail.com,1735476343,2004-05-10,Lucknow,VERIFIED
10,Ayaan Iyer,ayaan.iyer@gmail.com,3272226550,1999-09-18,Lucknow,VERIFIED
11,Kai Vaidya,kai.vaidya@gmail.com,8847561912,1987-11-10,Pune,VERIFIED
12,Hemani Sachar,hemani.sachar@gmail.com,9268985091,1968-09-29,Noida,VERIFIED
13,Quincy Magar,quincy.magar@gmail.com,7649549480,2002-01-04,Mumbai,VERIFIED
14,Alka Gola,alka.gola@gmail.com,7168208214,2005-01-06,Ahmedabad,VERIFIED
15,Inaya Saini,inaya.saini@gmail.com,6839140926,1984-10-13,Chandigarh,VERIFIED
16,Nicholas Lanka,nicholas.lanka@gmail.com,8782076202,1968-03-19,Bhopal,VERIFIED
17,Ansh Borra,ansh.borra@gmail.com,8714604771,2003-11-20,Gurgaon,VERIFIED
18,Yutika Mohanty,yutika.mohanty@gmail.com,7876963647,1994-03-09,Noida,VERIFIED
19,Pranav Sood,pranav.sood@gmail.com,4177747772,1977-04-28,Bhopal,VERIFIED
20,Pahal Raju,pahal.raju@gmail.com,8388698809,2000-06-13,Jaipur,VERIFIED
21,Zaitra Kale,zaitra.kale@gmail.com,1474416322,2005-04-13,Ahmedabad,VERIFIED
22,Urvashi Kota,urvashi.kota@gmail.com,7331604248,1984-06-22,Chennai,VERIFIED
23,Omaja Pandit,omaja.pandit@gmail.com,1329207130,1978-01-31,Bangalore,VERIFIED
24,Qushi Ratti,qushi.ratti@gmail.com,6888800305,1963-07-19,Mumbai,VERIFIED
25,Nachiket Bala,nachiket.bala@gmail.com,9944706633,1994-10-24,Ahmedabad,VERIFIED
26,Avni Basu,avni.basu@gmail.com,7816497993,1971-02-14,Kanpur,VERIFIED
27,Amrita Singh,amrita.singh@gmail.com,3224260973,1979-09-08,Gurgaon,VERIFIED
28,Jeevika Deshpande,jeevika.deshpande@gmail.com,2223025354,1989-06-27,Lucknow,VERIFIED
29,Joshua Barad,joshua.barad@gmail.com,7234045991,1988-12-22,Chennai,VERIFIED
30,Vidhi Kamdar,vidhi.kamdar@gmail.com,6168877862,1968-08-25,Kolkata,VERIFIED
31,Pahal Rastogi,pahal.rastogi@gmail.com,4275910063,1963-03-15,Mumbai,VERIFIED
32,Gaurika Kapoor,gaurika.kapoor@gmail.com,9657002560,2003-07-14,Jaipur,VERIFIED
33,Nandini Sibal,nandini.sibal@gmail.com,3790120360,1969-05-01,Chennai,VERIFIED
34,Chaitaly Bhakta,chaitaly.bhakta@gmail.com,4354814171,1965-08-08,Hyderabad,VERIFIED
35,Chandresh Suri,chandresh.suri@gmail.com,6193441091,1983-04-22,Chandigarh,VERIFIED
36,Matthew Parsa,matthew.parsa@gmail.com,2695279138,1983-09-01,Chandigarh,VERIFIED
37,Faris Bahl,faris.bahl@gmail.com,0863458329,1986-10-17,Bhopal,VERIFIED
38,Nisha Srivastava,nisha.srivastava@gmail.com,4761659513,2006-08-03,Pune,VERIFIED
39,Gaurangi Singhal,gaurangi.singhal@gmail.com,6516966523,2005-11-04,Delhi,VERIFIED
40,Anamika Boase,anamika.boase@gmail.com,9311139594,2000-07-19,Indore,VERIFIED
41,Gaurang Toor,gaurang.toor@gmail.com,9504774850,1971-04-19,Jaipur,VERIFIED
42,William Brar,william.brar@gmail.com,1447211300,1960-12-22,Bhopal,VERIFIED
43,Xavier Parmer,xavier.parmer@gmail.com,1609902623,1972-02-27,Kolkata,VERIFIED
44,Neelima Krishnan,neelima.krishnan@gmail.com,7973305873,1977-05-09,Delhi,VERIFIED
45,Aryan Kari,aryan.kari@gmail.com,1576739867,1990-02-16,Ahmedabad,VERIFIED
46,Quincy Rai,quincy.rai@gmail.com,8697110741,1972-09-28,Hyderabad,VERIFIED
47,Anya Bhakta,anya.bhakta@gmail.com,3355126392,1988-09-09,Noida,VERIFIED
48,Aahana Dua,aahana.dua@gmail.com,4136466216,1967-04-01,Mumbai,VERIFIED
49,Anita Natarajan,anita.natarajan@gmail.com,7868613757,1997-01-30,Delhi,VERIFIED
50,Chandresh Sharma,chandresh.sharma@gmail.com,6981805525,2004-11-16,Lucknow,VERIFIED
51,Lila Master,lila.master@gmail.com,1225658051,1984-03-13,Delhi,VERIFIED
52,Agastya Thaker,agastya.thaker@gmail.com,9910384535,1987-04-08,Indore,VERIFIED
53,Ekaja Sangha,ekaja.sangha@gmail.com,3065333570,1960-05-19,Chennai,VERIFIED
54,Mugdha Mangal,mugdha.mangal@gmail.com,6895798121,1996-08-25,Lucknow,VERIFIED
55,Brinda Dixit,brinda.dixit@gmail.com,3044465928,1982-04-24,Kanpur,VERIFIED
56,Varsha Dutt,varsha.dutt@gmail.com,6149769060,2005-05-26,Bhopal,VERIFIED
57,Chatura Kumer,chatura.kumer@gmail.com,8147741316,1993-09-30,Lucknow,VERIFIED
58,Kala Ray,kala.ray@gmail.com,6471967641,1973-12-22,Mumbai,VERIFIED
59,Baljiwan Barman,baljiwan.barman@gmail.com,8870223205,1977-01-22,Chandigarh,VERIFIED
60,Faqid Mody,faqid.mody@gmail.com,4816051158,1978-03-31,Lucknow,VERIFIED
61,Kalpit Natt,kalpit.natt@gmail.com,0164389591,2003-12-25,Bangalore,VERIFIED
62,Anusha Karpe,anusha.karpe@gmail.com,0451213506,1960-06-11,Mumbai,VERIFIED
63,Farhan Ganguly,farhan.ganguly@gmail.com,1178334932,1963-02-23,Mumbai,VERIFIED
64,Abha Bhagat,abha.bhagat@gmail.com,0061153923,2003-05-04,Chandigarh,VERIFIED
65,Hemangini Loke,hemangini.loke@gmail.com,9733329851,1960-06-21,Kolkata,VERIFIED
66,Vasana Divan,vasana.divan@gmail.com,0770242979,1984-09-14,Gurgaon,VERIFIED
67,Ekansh Prabhakar,ekansh.prabhakar@gmail.com,1734314401,1986-08-27,Ahmedabad,VERIFIED
68,Mekhala Rama,mekhala.rama@gmail.com,1225152822,1961-09-29,Lucknow,VERIFIED
69,Hritik Dhar,hritik.dhar@gmail.com,5221719942,1983-10-13,Gurgaon,VERIFIED
70,Karan Agate,karan.agate@gmail.com,2831240434,2005-12-05,Chennai,VERIFIED
71,Aishani Choudhry,aishani.choudhry@gmail.com,6232543156,1983-02-19,Lucknow,VERIFIED
72,Shaurya Sekhon,shaurya.sekhon@gmail.com,4393736798,1988-01-30,Chennai,VERIFIED
73,Irya Badami,irya.badami@gmail.com,2148637501,1997-03-01,Indore,VERIFIED
74,Aarav Dhawan,aarav.dhawan@gmail.com,0659024712,1994-01-22,Pune,VERIFIED
75,Zinal Mittal,zinal.mittal@gmail.com,6079931473,1983-04-19,Bhopal,VERIFIED
76,Ojasvi Dhawan,ojasvi.dhawan@gmail.com,1169239078,1974-01-20,Ahmedabad,VERIFIED
77,Michael Kannan,michael.kannan@gmail.com,1993232076,1988-02-12,Noida,VERIFIED
78,Dayamai Rau,dayamai.rau@gmail.com,4548160830,2007-09-14,Kanpur,VERIFIED
79,Zehaan Gera,zehaan.gera@gmail.com,0234684761,2006-11-18,Kolkata,VERIFIED
80,Wyatt Rajan,wyatt.rajan@gmail.com,7614800260,1972-03-29,Bangalore,VERIFIED
81,Wahab Sankaran,wahab.sankaran@gmail.com,1594698115,1964-01-21,Delhi,VERIFIED
82,Madhav Dutt,madhav.dutt@gmail.com,3791397689,1990-03-14,Pune,VERIFIED
83,Nachiket Nagy,nachiket.nagy@gmail.com,6599986221,1963-07-10,Bhopal,VERIFIED
84,Darsh Hora,darsh.hora@gmail.com,9507512009,1967-12-17,Ahmedabad,VERIFIED
85,Nidra Lal,nidra.lal@gmail.com,8725520240,2007-05-02,Chandigarh,VERIFIED
86,Urvi Balan,urvi.balan@gmail.com,8769951536,1976-06-19,Lucknow,VERIFIED
87,Samarth Choudhury,samarth.choudhury@gmail.com,2819940649,1967-06-01,Bangalore,VERIFIED
88,Max Kadakia,max.kadakia@gmail.com,1741616615,1961-10-14,Bhopal,VERIFIED
89,Pranav Chaudhari,pranav.chaudhari@gmail.com,9853246306,1972-05-28,Bangalore,VERIFIED
90,Gaurang Issac,gaurang.issac@gmail.com,6774786602,2001-06-15,Delhi,VERIFIED
91,Onkar Shanker,onkar.shanker@gmail.com,3019204531,1973-10-18,Chandigarh,VERIFIED
92,Mohammed Chand,mohammed.chand@gmail.com,6441026983,1986-05-06,Delhi,VERIFIED
93,Krishna Ganesan,krishna.ganesan@gmail.com,4726510031,1996-04-23,Chandigarh,VERIFIED
94,Avni Seshadri,avni.seshadri@gmail.com,1328799490,1997-03-17,Hyderabad,VERIFIED
95,Jagat Cherian,jagat.cherian@gmail.com,8816081473,1993-03-07,Bangalore,VERIFIED
96,Sachi Pandit,sachi.pandit@gmail.com,6521348812,2001-09-06,Mumbai,VERIFIED
97,Priya Vora,priya.vora@gmail.com,8577095142,2007-06-20,Jaipur,VERIFIED
98,Christopher Dixit,christopher.dixit@gmail.com,5144259100,2007-05-22,Kolkata,VERIFIED
99,Omisha Prabhu,omisha.prabhu@gmail.com,7265814999,1973-10-29,Delhi,VERIFIED
100,Hardik Dhillon,hardik.dhillon@gmail.com,0720357038,1979-05-26,Noida,VERIFIED
101,Onveer Chada,onveer.chada@gmail.com,3100696424,1963-08-01,Indore,VERIFIED
102,Advaith Choudhary,advaith.choudhary@gmail.com,5725477979,1964-07-10,Noida,VERIFIED
103,Rohan Sem,rohan.sem@gmail.com,4476381785,1962-02-24,Jaipur,VERIFIED
104,Mugdha Saha,mugdha.saha@gmail.com,4198299918,1982-01-28,Kolkata,VERIFIED
105,Geetika Bains,geetika.bains@gmail.com,8905491472,1969-02-28,Chennai,VERIFIED
106,Charan Sachdeva,charan.sachdeva@gmail.com,0969850145,1979-10-21,Chennai,VERIFIED
107,Laban Nadkarni,laban.nadkarni@gmail.com,6258621051,1961-09-29,Noida,VERIFIED
108,Ishanvi Seth,ishanvi.seth@gmail.com,4445437192,1963-04-11,Noida,VERIFIED
109,Harsh Dora,harsh.dora@gmail.com,9311420836,1999-03-06,Bhopal,VERIFIED
110,Priya Desai,priya.desai@gmail.com,2973897602,1978-10-13,Indore,VERIFIED
111,Charles Sandhu,charles.sandhu@gmail.com,6165104063,1997-08-03,Hyderabad,VERIFIED
112,Reyansh Loyal,reyansh.loyal@gmail.com,5782004031,2001-01-11,Bangalore,VERIFIED
113,Liam Bail,liam.bail@gmail.com,4127068829,1980-08-28,Kanpur,VERIFIED
114,Warhi Bhalla,warhi.bhalla@gmail.com,4654699103,2004-08-13,Noida,VERIFIED
115,Osha Bhakta,osha.bhakta@gmail.com,4011907938,1989-09-15,Kolkata,VERIFIED
116,Varenya Vora,varenya.vora@gmail.com,9977051146,2003-09-17,Hyderabad,VERIFIED
117,Omisha Tripathi,omisha.tripathi@gmail.com,7834362165,2001-12-16,Jaipur,VERIFIED
118,Shivani Pandit,shivani.pandit@gmail.com,0476872505,1976-11-22,Mumbai,VERIFIED
119,Abeer Bail,abeer.bail@gmail.com,0144843158,2005-01-15,Bhopal,VERIFIED
120,Tristan Atwal,tristan.atwal@gmail.com,1069362866,2000-09-10,Hyderabad,VERIFIED
121,Ladli Ahluwalia,ladli.ahluwalia@gmail.com,9112357591,1988-05-03,Gurgaon,VERIFIED
122,Damyanti Vig,damyanti.vig@gmail.com,9618325003,2003-02-12,Bhopal,VERIFIED
123,Oscar Palan,oscar.palan@gmail.com,6944008569,1980-04-22,Indore,VERIFIED
124,Pavani Raman,pavani.raman@gmail.com,7915808432,1972-10-14,Chandigarh,VERIFIED
125,Warda Narasimhan,warda.narasimhan@gmail.com,3185082123,1980-01-04,Jaipur,VERIFIED
126,Radha Tella,radha.tella@gmail.com,1195792573,2005-11-01,Delhi,VERIFIED
127,Idika Morar,idika.morar@gmail.com,1793097211,2000-03-16,Delhi,VERIFIED
128,Maanav Babu,maanav.babu@gmail.com,6820389680,1974-10-13,Gurgaon,VERIFIED
129,Abhimanyu Srinivas,abhimanyu.srinivas@gmail.com,1208735224,1994-04-07,Lucknow,VERIFIED
130,Yashodhara Bhalla,yashodhara.bhalla@gmail.com,7573544290,1987-11-13,Indore,VERIFIED
131,Quincy Nori,quincy.nori@gmail.com,4397490934,1977-05-14,Delhi,VERIFIED
132,Vincent Bhatt,vincent.bhatt@gmail.com,6608317469,1966-07-17,Mumbai,VERIFIED
133,Darika Gola,darika.gola@gmail.com,4615327562,1960-08-07,Hyderabad,VERIFIED
134,Chandresh Bera,chandresh.bera@gmail.com,2483537538,2007-03-01,Mumbai,VERIFIED
135,Adya Ray,adya.ray@gmail.com,7545807877,1989-12-28,Kolkata,VERIFIED
136,Gaurang Madan,gaurang.madan@gmail.com,8359913841,1980-12-11,Lucknow,VERIFIED
137,Amaira Saraf,amaira.saraf@gmail.com,0838970568,1994-01-20,Hyderabad,VERIFIED
138,Brinda Dasgupta,brinda.dasgupta@gmail.com,7419134774,1975-05-19,Bhopal,VERIFIED
139,Oni Brar,oni.brar@gmail.com,3499924127,1961-12-08,Jaipur,VERIFIED
140,Ikshita Halder,ikshita.halder@gmail.com,4753679188,1970-06-08,Chennai,VERIFIED
141,Pranit Gour,pranit.gour@gmail.com,0031943327,1981-09-10,Pune,VERIFIED
142,Barkha Sood,barkha.sood@gmail.com,3383678101,1970-11-01,Kanpur,VERIFIED
143,Victor Prasad,victor.prasad@gmail.com,0653921276,1990-04-24,Chennai,VERIFIED
144,Nihal Jhaveri,nihal.jhaveri@gmail.com,0062214853,1967-04-03,Bangalore,VERIFIED
145,Omisha Lata,omisha.lata@gmail.com,4972174141,1998-06-08,Jaipur,VERIFIED
146,Jagdish Dani,jagdish.dani@gmail.com,1853794089,1982-11-05,Mumbai,VERIFIED
147,Udarsh Suri,udarsh.suri@gmail.com,7835160176,1965-11-09,Hyderabad,VERIFIED
148,Tarak Vohra,tarak.vohra@gmail.com,5930243451,1973-08-13,Bangalore,VERIFIED
149,Aryan Mohanty,aryan.mohanty@gmail.com,3102289357,2003-04-18,Lucknow,VERIFIED
150,Madhav Chaudhry,madhav.chaudhry@gmail.com,7454770397,2003-02-25,Gurgaon,VERIFIED
151,Pavani Sur,pavani.sur@gmail.com,4790447591,1983-08-19,Chennai,VERIFIED
152,Udant Balakrishnan,udant.balakrishnan@gmail.com,2986624467,1988-05-02,Chennai,VERIFIED
153,Abha Luthra,abha.luthra@gmail.com,2384759011,1972-12-29,Indore,VERIFIED
154,Varenya Jha,varenya.jha@gmail.com,9604157122,1980-08-17,Pune,VERIFIED
155,Sneha Sabharwal,sneha.sabharwal@gmail.com,7504083928,1998-02-26,Jaipur,VERIFIED
156,Nikita Borah,nikita.borah@gmail.com,4483551070,1990-08-07,Jaipur,VERIFIED
157,Harita Ramakrishnan,harita.ramakrishnan@gmail.com,1041488887,2002-06-12,Kolkata,VERIFIED
158,Vasudha Sawhney,vasudha.sawhney@gmail.com,8479106390,2007-07-14,Kanpur,VERIFIED
159,Ikbal Dar,ikbal.dar@gmail.com,5192396301,2000-03-09,Gurgaon,VERIFIED
160,Henry Nigam,henry.nigam@gmail.com,9935394433,1965-05-01,Hyderabad,VERIFIED
161,Chandran Sangha,chandran.sangha@gmail.com,8087520808,2002-01-08,Kanpur,VERIFIED
162,Varenya Singhal,varenya.singhal@gmail.com,7901844119,2006-12-26,Bangalore,VERIFIED
163,Ikshita Prabhu,ikshita.prabhu@gmail.com,1427315569,1969-03-19,Kanpur,VERIFIED
164,Pavani Palla,pavani.palla@gmail.com,5477385009,1983-05-25,Kanpur,VERIFIED
165,Neelima Anne,neelima.anne@gmail.com,6156246962,1997-08-25,Bangalore,VERIFIED
166,Madhavi Sami,madhavi.sami@gmail.com,3484849959,1962-10-07,Chennai,VERIFIED
167,Elijah Sachar,elijah.sachar@gmail.com,7014354486,1997-11-18,Gurgaon,VERIFIED
168,Qushi Sani,qushi.sani@gmail.com,1823937659,1974-05-06,Indore,VERIFIED
169,Gabriel Bhatt,gabriel.bhatt@gmail.com,4497534777,2000-06-27,Pune,VERIFIED
170,Zashil Viswanathan,zashil.viswanathan@gmail.com,1273477034,1965-11-01,Chennai,VERIFIED
171,Pavani Sarraf,pavani.sarraf@gmail.com,0563478642,1965-12-31,Kanpur,VERIFIED
172,Chaman Chandra,chaman.chandra@gmail.com,9230372018,1996-08-15,Bangalore,VERIFIED
173,Raagini Nadig,raagini.nadig@gmail.com,7492205934,1966-10-28,Delhi,VERIFIED
174,Kala Mohan,kala.mohan@gmail.com,0643752970,1985-04-27,Ahmedabad,VERIFIED
175,Yatin Kumer,yatin.kumer@gmail.com,7629667200,1964-12-22,Kolkata,VERIFIED
176,Qabil Kalla,qabil.kalla@gmail.com,0774806427,1995-11-08,Chandigarh,VERIFIED
177,Dhruv Vala,dhruv.vala@gmail.com,8159797027,1987-12-24,Bangalore,VERIFIED
178,Siya Sandal,siya.sandal@gmail.com,0323049483,1977-01-01,Bhopal,VERIFIED
179,Ekta Das,ekta.das@gmail.com,1538648857,1965-11-13,Jaipur,VERIFIED
180,Shravya Pillai,shravya.pillai@gmail.com,1445738163,1991-08-05,Bangalore,VERIFIED
181,Oliver Bhattacharyya,oliver.bhattacharyya@gmail.com,6820719515,1989-07-08,Pune,VERIFIED
182,Udyati Subramanian,udyati.subramanian@gmail.com,9631808848,1979-02-15,Chandigarh,VERIFIED
183,Yashvi Yadav,yashvi.yadav@gmail.com,2647947074,1967-10-30,Gurgaon,VERIFIED
184,Mahika Khare,mahika.khare@gmail.com,5814126628,1978-09-22,Bhopal,VERIFIED
185,Anmol Maharaj,anmol.maharaj@gmail.com,0940402405,1971-12-11,Bangalore,VERIFIED
186,Balhaar Khare,balhaar.khare@gmail.com,8140949207,1960-12-18,Ahmedabad,VERIFIED
187,Ekalinga Taneja,ekalinga.taneja@gmail.com,6085035081,1971-03-31,Kolkata,VERIFIED
188,Onveer Chhabra,onveer.chhabra@gmail.com,5993639533,1980-01-11,Hyderabad,VERIFIED
189,Janani Manne,janani.manne@gmail.com,3570374771,1978-10-23,Bangalore,VERIFIED
190,Warjas Panchal,warjas.panchal@gmail.com,9693033949,1987-12-24,Bangalore,VERIFIED
191,Hiral Narasimhan,hiral.narasimhan@gmail.com,6279477759,1979-10-15,Pune,VERIFIED
192,Chatresh Goel,chatresh.goel@gmail.com,4136284186,1992-08-19,Ahmedabad,VERIFIED
193,Gayathri Ghose,gayathri.ghose@gmail.com,0639387426,2005-05-24,Pune,VERIFIED
194,Kamala Dave,kamala.dave@gmail.com,3406423637,1988-11-30,Indore,VERIFIED
195,Tanvi Deshpande,tanvi.deshpande@gmail.com,0206126475,1984-08-25,Kanpur,VERIFIED
196,Hardik Thaman,hardik.thaman@gmail.com,7410067262,1978-08-08,Lucknow,VERIFIED
197,Isaac Doshi,isaac.doshi@gmail.com,3954517670,1999-04-01,Gurgaon,VERIFIED
198,Ria Gulati,ria.gulati@gmail.com,7339914907,2006-10-02,Kolkata,VERIFIED
199,Nakul Kala,nakul.kala@gmail.com,2012432739,1993-11-28,Noida,VERIFIED
200,Ati Keer,ati.keer@gmail.com,5645696028,1978-02-28,Indore,VERIFIED
201,Aishani Sinha,aishani.sinha@gmail.com,8100577624,1968-07-04,Lucknow,VERIFIED
202,Aayush Tata,aayush.tata@gmail.com,9690666330,2003-08-08,Gurgaon,VERIFIED
203,Ranbir Cheema,ranbir.cheema@gmail.com,4804838075,1962-07-30,Gurgaon,VERIFIED
204,Advay Dutt,advay.dutt@gmail.com,2305590031,1983-07-16,Noida,VERIFIED
205,David Pal,david.pal@gmail.com,1911131336,1977-09-10,Chandigarh,VERIFIED
206,Varenya Sagar,varenya.sagar@gmail.com,5812096648,1966-08-03,Gurgaon,VERIFIED
207,Onveer Dayal,onveer.dayal@gmail.com,1750114063,1977-10-20,Indore,VERIFIED
208,Girish Lata,girish.lata@gmail.com,4738985306,1976-10-30,Pune,VERIFIED
209,George Bhavsar,george.bhavsar@gmail.com,7816830424,1963-06-30,Chandigarh,VERIFIED
210,Mahika Swamy,mahika.swamy@gmail.com,5749545969,1999-05-14,Indore,VERIFIED
211,Gaurang Natarajan,gaurang.natarajan@gmail.com,7947354059,1992-01-01,Indore,VERIFIED
212,Thomas Bajaj,thomas.bajaj@gmail.com,7522346148,1962-02-24,Chandigarh,VERIFIED
213,Arya Pall,arya.pall@gmail.com,3754017057,1990-01-17,Pune,VERIFIED
214,Divya Ratti,divya.ratti@gmail.com,8284130908,1974-07-23,Mumbai,VERIFIED
215,Janaki Narang,janaki.narang@gmail.com,6430225574,1969-09-17,Jaipur,VERIFIED
216,Dakshesh Dutt,dakshesh.dutt@gmail.com,6168744736,1964-09-10,Lucknow,VERIFIED
217,Kavya Dani,kavya.dani@gmail.com,1369805846,1996-01-13,Jaipur,VERIFIED
218,Falan Bedi,falan.bedi@gmail.com,1025802117,1991-01-02,Hyderabad,VERIFIED
219,Madhavi Kaul,madhavi.kaul@gmail.com,3783086289,1998-10-03,Delhi,VERIFIED
220,Yuvraj Bedi,yuvraj.bedi@gmail.com,0504422782,1971-11-20,Kanpur,VERIFIED
221,Dalbir Chaudhuri,dalbir.chaudhuri@gmail.com,6511366995,1988-11-25,Pune,VERIFIED
222,Fiyaz Sachar,fiyaz.sachar@gmail.com,0228356788,1960-10-30,Jaipur,VERIFIED
223,Frado Bhavsar,frado.bhavsar@gmail.com,4811970508,1999-04-04,Kanpur,VERIFIED
224,Aradhana Lal,aradhana.lal@gmail.com,4425354694,1961-05-30,Kanpur,VERIFIED
225,Chatresh Deshmukh,chatresh.deshmukh@gmail.com,6081768372,1965-10-06,Kolkata,VERIFIED
226,Kiaan Kara,kiaan.kara@gmail.com,1905133069,1989-01-22,Kolkata,VERIFIED
227,Lakshit Naik,lakshit.naik@gmail.com,1973531877,1983-11-02,Bhopal,VERIFIED
228,Chandani Oommen,chandani.oommen@gmail.com,9340124500,1969-12-31,Ahmedabad,VERIFIED
229,Kamya Iyer,kamya.iyer@gmail.com,5907671304,1981-07-11,Mumbai,VERIFIED
230,Hema Borah,hema.borah@gmail.com,1068001096,1986-12-03,Ahmedabad,VERIFIED
231,Aahana Dani,aahana.dani@gmail.com,6790733571,1992-02-14,Pune,VERIFIED
232,Aadi Venkataraman,aadi.venkataraman@gmail.com,6855811413,1993-07-19,Bhopal,VERIFIED
233,Xalak Desai,xalak.desai@gmail.com,5591896207,2006-05-23,Kolkata,VERIFIED
234,Ekani Sunder,ekani.sunder@gmail.com,4994395934,1986-05-18,Chennai,VERIFIED
235,Jeet Krishna,jeet.krishna@gmail.com,3795308342,1998-09-06,Gurgaon,VERIFIED
236,Jhalak Khanna,jhalak.khanna@gmail.com,8484179131,1990-10-30,Mumbai,VERIFIED
237,Hema Khatri,hema.khatri@gmail.com,9529451047,1997-06-18,Jaipur,VERIFIED
238,Oscar Sinha,oscar.sinha@gmail.com,7555017168,1979-07-19,Mumbai,VERIFIED
239,Dalaja Sha,dalaja.sha@gmail.com,0416150790,1962-06-26,Bangalore,VERIFIED
240,Theodore Kant,theodore.kant@gmail.com,4414568967,1991-06-20,Pune,VERIFIED
241,Upasna Nair,upasna.nair@gmail.com,8313144197,2003-09-02,Indore,VERIFIED
242,Vedika Nath,vedika.nath@gmail.com,9978563137,1981-02-27,Kanpur,VERIFIED
243,Jalsa Sarna,jalsa.sarna@gmail.com,0007328349,1972-03-07,Bhopal,VERIFIED
244,Kabir Kunda,kabir.kunda@gmail.com,5808596858,1977-08-13,Bhopal,VERIFIED
245,Vihaan Bera,vihaan.bera@gmail.com,2296818071,1961-12-23,Lucknow,VERIFIED
246,Rachit Padmanabhan,rachit.padmanabhan@gmail.com,5827479327,2003-04-09,Chandigarh,VERIFIED
247,Rohan Mani,rohan.mani@gmail.com,4694076357,1961-03-23,Indore,VERIFIED
248,Janya Mand,janya.mand@gmail.com,6543429173,2006-08-21,Chennai,VERIFIED
249,Warda Sachdev,warda.sachdev@gmail.com,6588844556,1975-02-16,Mumbai,VERIFIED
250,Jagdish Nagy,jagdish.nagy@gmail.com,7970096364,1973-10-30,Hyderabad,VERIFIED
251,Gayathri Sem,gayathri.sem@gmail.com,2520440417,1983-02-23,Delhi,VERIFIED
252,Sara Walla,sara.walla@gmail.com,7512289050,1998-05-09,Mumbai,VERIFIED
253,Edhitha Bhatt,edhitha.bhatt@gmail.com,6163769921,1996-10-27,Chandigarh,VERIFIED
254,Xavier Nayak,xavier.nayak@gmail.com,3977036725,1994-06-26,Chennai,VERIFIED
255,Ethan Vohra,ethan.vohra@gmail.com,0919294274,1992-11-20,Chandigarh,VERIFIED
256,Suhani Kale,suhani.kale@gmail.com,3693605613,1965-01-06,Kolkata,VERIFIED
257,Chanakya Devan,chanakya.devan@gmail.com,9648708842,1994-02-10,Bhopal,VERIFIED
258,Zashil Om,zashil.om@gmail.com,9013611841,1974-01-04,Chennai,VERIFIED
259,Ijaya Kapadia,ijaya.kapadia@gmail.com,6301257664,1969-11-07,Kolkata,VERIFIED
260,Wridesh Sule,wridesh.sule@gmail.com,6310096031,1991-10-13,Lucknow,VERIFIED
261,Noah Ben,noah.ben@gmail.com,3546019519,2002-06-15,Indore,VERIFIED
262,Jalsa Sur,jalsa.sur@gmail.com,1146889787,1967-09-13,Indore,VERIFIED
263,Anvi Ramakrishnan,anvi.ramakrishnan@gmail.com,5180879758,2003-01-05,Delhi,VERIFIED
264,Jai Bumb,jai.bumb@gmail.com,1170157603,1978-11-30,Ahmedabad,VERIFIED
265,Isha Sekhon,isha.sekhon@gmail.com,3381165496,1993-07-17,Chennai,VERIFIED
266,Saumya Behl,saumya.behl@gmail.com,0854326142,1968-06-05,Bangalore,VERIFIED
267,Qadim Sen,qadim.sen@gmail.com,7305890828,1986-08-29,Chandigarh,VERIFIED
268,Laban Chander,laban.chander@gmail.com,8709285082,1972-01-27,Hyderabad,VERIFIED
269,Siddharth Sha,siddharth.sha@gmail.com,8642097841,1962-09-27,Bangalore,VERIFIED
270,Amaira Wason,amaira.wason@gmail.com,5059883371,1996-01-14,Jaipur,VERIFIED
271,Mohini Karan,mohini.karan@gmail.com,5463110360,1965-05-31,Ahmedabad,VERIFIED
272,Hema Tara,hema.tara@gmail.com,5340792943,1971-03-14,Ahmedabad,VERIFIED
273,Logan Wable,logan.wable@gmail.com,9345511493,1978-02-18,Pune,VERIFIED
274,Xiti Manda,xiti.manda@gmail.com,0397349655,1999-08-17,Gurgaon,VERIFIED
275,Charita Konda,charita.konda@gmail.com,5546125086,1968-07-20,Pune,VERIFIED
276,Samuel Bhakta,samuel.bhakta@gmail.com,7581294661,1977-03-22,Kolkata,VERIFIED
277,Vihaan Sur,vihaan.sur@gmail.com,1036995875,1978-06-27,Lucknow,VERIFIED
278,Bishakha Mangal,bishakha.mangal@gmail.com,1195523155,1982-04-03,Jaipur,VERIFIED
279,Hemangini Magar,hemangini.magar@gmail.com,5195690250,1960-12-18,Chandigarh,VERIFIED
280,Waida Karpe,waida.karpe@gmail.com,6516094428,1995-02-10,Gurgaon,VERIFIED
281,Gautam Ben,gautam.ben@gmail.com,2135594501,1981-10-19,Jaipur,VERIFIED
282,Christopher Ramachandran,christopher.ramachandran@gmail.com,4606740940,1970-05-13,Delhi,VERIFIED
283,Chandresh Kant,chandresh.kant@gmail.com,3480404486,1987-08-19,Delhi,VERIFIED
284,Turvi Kale,turvi.kale@gmail.com,8668320744,1988-09-17,Gurgaon,VERIFIED
285,Charan Varma,charan.varma@gmail.com,9491164760,2002-03-15,Hyderabad,VERIFIED
286,Chandani Yadav,chandani.yadav@gmail.com,4137253449,1967-03-12,Jaipur,VERIFIED
287,Yahvi Talwar,yahvi.talwar@gmail.com,0039808148,1984-01-20,Bangalore,VERIFIED
288,Baghyawati Dyal,baghyawati.dyal@gmail.com,6871749464,1960-05-22,Delhi,VERIFIED
289,Yachana Randhawa,yachana.randhawa@gmail.com,1566561702,1965-03-15,Kanpur,VERIFIED
290,Eesha Peri,eesha.peri@gmail.com,5391120141,1986-11-09,Ahmedabad,VERIFIED
291,Abeer Bajaj,abeer.bajaj@gmail.com,9482613191,1991-05-18,Bangalore,VERIFIED
292,Matthew Memon,matthew.memon@gmail.com,4662433345,1965-11-04,Kolkata,VERIFIED
293,Samar Basu,samar.basu@gmail.com,3973849598,2002-05-12,Hyderabad,VERIFIED
294,Omisha Talwar,omisha.talwar@gmail.com,0948534437,1993-05-14,Jaipur,VERIFIED
295,Nitesh Gour,nitesh.gour@gmail.com,7597417378,1981-11-19,Pune,VERIFIED
296,Yadavi Sem,yadavi.sem@gmail.com,7557013586,2004-06-12,Bangalore,VERIFIED
297,Zaid Bakshi,zaid.bakshi@gmail.com,1446222976,1997-12-13,Noida,VERIFIED
298,Balendra Maharaj,balendra.maharaj@gmail.com,6751206133,1979-01-25,Pune,VERIFIED
299,Yug Suri,yug.suri@gmail.com,8752087765,1980-03-25,Hyderabad,VERIFIED
300,Daniel Tandon,daniel.tandon@gmail.com,4122352744,1973-04-09,Bhopal,VERIFIED
301,Sanya Ray,sanya.ray@gmail.com,4261967417,1977-08-14,Hyderabad,VERIFIED
302,Siya Wagle,siya.wagle@gmail.com,3743745709,1963-01-20,Chennai,VERIFIED
303,Yashvi Balasubramanian,yashvi.balasubramanian@gmail.com,3282020508,1990-05-26,Kanpur,VERIFIED
304,Advay Mall,advay.mall@gmail.com,3341342606,1990-09-18,Bhopal,VERIFIED
305,Vrinda Vasa,vrinda.vasa@gmail.com,6601754299,2000-02-19,Hyderabad,VERIFIED
306,Dayita Balay,dayita.balay@gmail.com,2899788259,1980-04-23,Jaipur,VERIFIED
307,Osha Ahuja,osha.ahuja@gmail.com,8120855608,1982-05-23,Jaipur,VERIFIED
308,Aadhya Raval,aadhya.raval@gmail.com,6723437501,1965-12-18,Delhi,VERIFIED
309,Yauvani Pandya,yauvani.pandya@gmail.com,2021988136,1994-06-17,Lucknow,VERIFIED
310,Ekiya Mangal,ekiya.mangal@gmail.com,4029782198,2004-02-18,Kolkata,VERIFIED
311,Abhiram Tiwari,abhiram.tiwari@gmail.com,6567957320,2007-08-22,Delhi,VERIFIED
312,Nitesh Kala,nitesh.kala@gmail.com,9597248524,1969-06-03,Indore,VERIFIED
313,Bimala Palan,bimala.palan@gmail.com,9213661531,1961-07-23,Ahmedabad,VERIFIED
314,Ikshita Dhillon,ikshita.dhillon@gmail.com,6344794586,1975-11-26,Kolkata,VERIFIED
315,Vamakshi Lata,vamakshi.lata@gmail.com,1521647347,1978-01-06,Indore,VERIFIED
316,Charles Palla,charles.palla@gmail.com,0440214322,1965-01-01,Kolkata,VERIFIED
317,Laban Sharma,laban.sharma@gmail.com,3301557294,1987-11-15,Hyderabad,VERIFIED
318,Adya Parmar,adya.parmar@gmail.com,5622041007,1983-08-26,Pune,VERIFIED
319,Oscar Khare,oscar.khare@gmail.com,1113282821,2007-02-22,Noida,VERIFIED
320,Hemangini Madan,hemangini.madan@gmail.com,8750967393,1962-10-25,Noida,VERIFIED
321,Bhavini Nigam,bhavini.nigam@gmail.com,8699888948,1967-12-21,Hyderabad,VERIFIED
322,Aditya Thakur,aditya.thakur@gmail.com,5191145813,2001-06-08,Pune,VERIFIED
323,Rachit Kannan,rachit.kannan@gmail.com,1486770759,1967-04-26,Bangalore,VERIFIED
324,Aarini Agarwal,aarini.agarwal@gmail.com,2745086255,1997-07-30,Kanpur,VERIFIED
325,Mitesh Sha,mitesh.sha@gmail.com,3887625701,1961-06-02,Delhi,VERIFIED
326,Victor Randhawa,victor.randhawa@gmail.com,1200669673,1990-08-05,Jaipur,VERIFIED
327,Advaith Lal,advaith.lal@gmail.com,9440099255,1989-10-31,Kanpur,VERIFIED
328,Gaurav Bhatti,gaurav.bhatti@gmail.com,1723390986,1997-03-30,Bangalore,VERIFIED
329,Logan Nayak,logan.nayak@gmail.com,2548363148,1975-09-29,Lucknow,VERIFIED
330,Janani Mani,janani.mani@gmail.com,7987979228,1969-09-03,Kanpur,VERIFIED
331,Daksh Pathak,daksh.pathak@gmail.com,3338389774,1994-12-21,Chandigarh,VERIFIED
332,Yauvani Bir,yauvani.bir@gmail.com,5415694446,1994-09-06,Kanpur,VERIFIED
333,Ryan Pandya,ryan.pandya@gmail.com,0499231900,1968-07-19,Indore,VERIFIED
334,Anjali Merchant,anjali.merchant@gmail.com,3578543512,2004-01-17,Lucknow,VERIFIED
335,Anita Issac,anita.issac@gmail.com,2376209335,1963-12-29,Jaipur,VERIFIED
336,Thomas Lala,thomas.lala@gmail.com,8891252252,1980-09-28,Pune,VERIFIED
337,Joshua Jayaraman,joshua.jayaraman@gmail.com,4881414268,1979-10-30,Delhi,VERIFIED
338,Radha Purohit,radha.purohit@gmail.com,0377029690,2002-04-26,Mumbai,VERIFIED
339,Kala Prabhakar,kala.prabhakar@gmail.com,5188536369,1970-04-20,Bangalore,VERIFIED
340,Logan Panchal,logan.panchal@gmail.com,8305894492,1989-02-01,Jaipur,VERIFIED
341,Christopher Raj,christopher.raj@gmail.com,9511593138,1967-01-13,Bangalore,VERIFIED
342,Qarin Dhar,qarin.dhar@gmail.com,1107340897,1982-10-25,Mumbai,VERIFIED
343,Charvi Cheema,charvi.cheema@gmail.com,3376632947,1988-07-15,Bhopal,VERIFIED
344,Geetika Chander,geetika.chander@gmail.com,0940965083,1971-06-03,Noida,VERIFIED
345,Tamanna Kade,tamanna.kade@gmail.com,6878981963,1996-02-02,Mumbai,VERIFIED
346,Vedhika Lad,vedhika.lad@gmail.com,2439556226,1960-09-01,Chandigarh,VERIFIED
347,Nikita Sami,nikita.sami@gmail.com,1949357831,1986-02-17,Chennai,VERIFIED
348,Praneel Jayaraman,praneel.jayaraman@gmail.com,6121028425,1971-06-03,Bangalore,VERIFIED
349,Amara Walla,amara.walla@gmail.com,5452745039,2004-11-14,Bhopal,VERIFIED
350,Vamakshi Toor,vamakshi.toor@gmail.com,8441793254,1987-01-14,Mumbai,VERIFIED
351,Tristan Jhaveri,tristan.jhaveri@gmail.com,7380896174,1987-12-23,Kanpur,VERIFIED
352,Charan Chakraborty,charan.chakraborty@gmail.com,7086610173,1971-05-28,Pune,VERIFIED
353,Jack Datta,jack.datta@gmail.com,7794392729,1986-02-25,Kolkata,VERIFIED
354,Logan Parmar,logan.parmar@gmail.com,6007585370,1969-03-08,Ahmedabad,VERIFIED
355,Jack Shere,jack.shere@gmail.com,9055905689,1983-03-29,Delhi,VERIFIED
356,Devika Krishnan,devika.krishnan@gmail.com,3768781278,1995-11-03,Jaipur,VERIFIED
357,Upasna Merchant,upasna.merchant@gmail.com,7128215867,1966-06-03,Hyderabad,VERIFIED
358,Harish Dutt,harish.dutt@gmail.com,3076377819,2006-03-18,Lucknow,VERIFIED
359,Anamika Swamy,anamika.swamy@gmail.com,5397783072,1980-03-25,Jaipur,VERIFIED
360,Luke Mangat,luke.mangat@gmail.com,2579055212,1977-01-28,Indore,VERIFIED
361,Nikita Chandran,nikita.chandran@gmail.com,9611788865,2003-02-06,Jaipur,VERIFIED
362,Gautam Batra,gautam.batra@gmail.com,1672051795,1962-07-13,Chennai,VERIFIED
363,Omisha Baral,omisha.baral@gmail.com,4912906964,1974-08-14,Jaipur,VERIFIED
364,Gopal Karpe,gopal.karpe@gmail.com,5686945680,2001-12-12,Mumbai,VERIFIED
365,Sathvik Wason,sathvik.wason@gmail.com,4428076393,2005-04-11,Ahmedabad,VERIFIED
366,Brinda Narain,brinda.narain@gmail.com,4570905908,1993-07-14,Jaipur,VERIFIED
367,Chanchal Varghese,chanchal.varghese@gmail.com,7125166276,1996-07-15,Hyderabad,VERIFIED
368,Reva Karpe,reva.karpe@gmail.com,7886246200,1972-01-15,Chandigarh,VERIFIED
369,Gunbir Swaminathan,gunbir.swaminathan@gmail.com,0798352903,1968-02-15,Kanpur,VERIFIED
370,Ojasvi Talwar,ojasvi.talwar@gmail.com,3989906085,1965-10-08,Jaipur,VERIFIED
371,Divya Guha,divya.guha@gmail.com,9073690955,1978-07-24,Jaipur,VERIFIED
372,Triya Sharma,triya.sharma@gmail.com,8367281851,1988-03-07,Delhi,VERIFIED
373,Amrita Master,amrita.master@gmail.com,5066186613,1979-05-02,Mumbai,VERIFIED
374,Isha Ganesh,isha.ganesh@gmail.com,8421582797,1991-09-26,Hyderabad,VERIFIED
375,Wazir Nazareth,wazir.nazareth@gmail.com,8352212452,1982-06-12,Indore,VERIFIED
376,Xalak Doshi,xalak.doshi@gmail.com,0404518147,1973-12-01,Indore,VERIFIED
377,Inaya Malhotra,inaya.malhotra@gmail.com,3946475524,2006-10-29,Ahmedabad,VERIFIED
378,Onkar Bhat,onkar.bhat@gmail.com,9852059147,1972-08-28,Pune,VERIFIED
379,Maanav Mani,maanav.mani@gmail.com,4648101899,1991-07-25,Kolkata,VERIFIED
380,Zinal Sandhu,zinal.sandhu@gmail.com,5759045403,1972-06-02,Lucknow,VERIFIED
381,Charvi Ghosh,charvi.ghosh@gmail.com,5075321987,1963-12-01,Chandigarh,VERIFIED
382,Alexander Bobal,alexander.bobal@gmail.com,4698128608,1961-05-04,Jaipur,VERIFIED
383,Vasatika Bir,vasatika.bir@gmail.com,9214372626,1969-03-03,Kolkata,VERIFIED
384,Arunima Das,arunima.das@gmail.com,1137390941,1991-04-29,Bangalore,VERIFIED
385,Logan Sandal,logan.sandal@gmail.com,2027996754,1989-10-29,Mumbai,VERIFIED
386,Hitesh Deep,hitesh.deep@gmail.com,5189631601,2005-02-19,Kanpur,VERIFIED
387,Shaurya Srinivas,shaurya.srinivas@gmail.com,0128450213,2000-07-21,Gurgaon,VERIFIED
388,Vrinda Madan,vrinda.madan@gmail.com,4839384865,2003-03-09,Chennai,VERIFIED
389,Udyati Lad,udyati.lad@gmail.com,3220119195,2006-04-21,Kanpur,VERIFIED
390,Gunbir Pradhan,gunbir.pradhan@gmail.com,6214844647,1999-08-07,Jaipur,VERIFIED
391,Tamanna Kala,tamanna.kala@gmail.com,8897616961,1962-09-13,Pune,VERIFIED
392,Wakeeta Dhaliwal,wakeeta.dhaliwal@gmail.com,8850552229,1970-12-02,Chennai,VERIFIED
393,Leena Garg,leena.garg@gmail.com,0013953888,1971-04-03,Pune,VERIFIED
394,Faqid Deep,faqid.deep@gmail.com,5786134169,1973-06-03,Kanpur,VERIFIED
395,Krisha Saini,krisha.saini@gmail.com,1975898238,1991-09-28,Chandigarh,VERIFIED
396,Balhaar Om,balhaar.om@gmail.com,0810311107,1989-01-21,Bhopal,VERIFIED
397,Yashica Tailor,yashica.tailor@gmail.com,9208148849,1981-10-08,Mumbai,VERIFIED
398,Arin Chandra,arin.chandra@gmail.com,8962153819,1983-10-08,Bangalore,VERIFIED
399,Samarth Pai,samarth.pai@gmail.com,4965027118,1982-07-22,Mumbai,VERIFIED
400,Lipika Kanda,lipika.kanda@gmail.com,2835836480,2003-02-27,Lucknow,VERIFIED
401,Zaitra Gole,zaitra.gole@gmail.com,2959001771,1978-01-17,Pune,VERIFIED
402,Yutika Divan,yutika.divan@gmail.com,1595922888,1978-02-23,Gurgaon,VERIFIED
403,Manthan Datta,manthan.datta@gmail.com,5070956556,1996-06-20,Delhi,VERIFIED
404,Kai Bajaj,kai.bajaj@gmail.com,4944625173,1967-09-26,Gurgaon,VERIFIED
405,Ikbal Soni,ikbal.soni@gmail.com,0557609869,1993-03-06,Chandigarh,VERIFIED
406,Benjamin Kashyap,benjamin.kashyap@gmail.com,0263931229,1995-07-27,Chennai,VERIFIED
407,Zaitra Narayanan,zaitra.narayanan@gmail.com,5591189104,1988-10-30,Kanpur,VERIFIED
408,Mohini Rajan,mohini.rajan@gmail.com,7211389080,1964-10-15,Kanpur,VERIFIED
409,Faqid Kapur,faqid.kapur@gmail.com,1915296759,1990-10-20,Jaipur,VERIFIED
410,Shivani Barad,shivani.barad@gmail.com,3356029940,2007-06-04,Kolkata,VERIFIED
411,Oni Murty,oni.murty@gmail.com,0566117413,1971-12-08,Indore,VERIFIED
412,Henry Madan,henry.madan@gmail.com,8160377735,1969-07-22,Jaipur,VERIFIED
413,Tanay Contractor,tanay.contractor@gmail.com,7426741420,1964-02-12,Indore,VERIFIED
414,Advay Naik,advay.naik@gmail.com,2619536240,1999-07-07,Bhopal,VERIFIED
415,Qadim Lal,qadim.lal@gmail.com,0091057650,1968-01-11,Pune,VERIFIED
416,Pushti Savant,pushti.savant@gmail.com,7768536898,1981-09-27,Indore,VERIFIED
417,Vaishnavi Korpal,vaishnavi.korpal@gmail.com,7356734414,1991-11-05,Gurgaon,VERIFIED
418,Krishna Divan,krishna.divan@gmail.com,1411786803,1993-09-18,Noida,VERIFIED
419,Ishanvi Murty,ishanvi.murty@gmail.com,4421993815,1996-02-05,Kanpur,VERIFIED
420,Aayush Sehgal,aayush.sehgal@gmail.com,2339412583,2000-10-26,Pune,VERIFIED
421,Abdul Badami,abdul.badami@gmail.com,0345740463,1967-11-16,Jaipur,VERIFIED
422,Theodore Chhabra,theodore.chhabra@gmail.com,5183758118,1987-08-29,Jaipur,VERIFIED
423,Finn Mane,finn.mane@gmail.com,4329006060,1966-02-20,Indore,VERIFIED
424,Ojasvi Kata,ojasvi.kata@gmail.com,3346888901,2007-06-15,Pune,VERIFIED
425,Anthony Purohit,anthony.purohit@gmail.com,2871844075,2002-09-08,Ahmedabad,VERIFIED
426,Owen Upadhyay,owen.upadhyay@gmail.com,0962530418,1964-01-15,Indore,VERIFIED
427,Nicholas Goda,nicholas.goda@gmail.com,1024833518,1995-10-06,Chandigarh,VERIFIED
428,Balendra Dasgupta,balendra.dasgupta@gmail.com,9304909702,1962-09-09,Hyderabad,VERIFIED
429,Tripti Gaba,tripti.gaba@gmail.com,2450341371,1973-04-12,Pune,VERIFIED
430,Odika Bose,odika.bose@gmail.com,0575718694,1963-06-12,Bangalore,VERIFIED
431,Diya Mannan,diya.mannan@gmail.com,1325770180,1989-03-25,Bangalore,VERIFIED
432,Edhitha Raval,edhitha.raval@gmail.com,5409741487,1988-07-04,Pune,VERIFIED
433,Dalaja Khalsa,dalaja.khalsa@gmail.com,7814856994,1995-02-07,Kolkata,VERIFIED
434,Girindra Sastry,girindra.sastry@gmail.com,8337851048,1997-07-24,Chennai,VERIFIED
435,Pranav Sarna,pranav.sarna@gmail.com,8051566246,2005-10-29,Lucknow,VERIFIED
436,Reyansh Datta,reyansh.datta@gmail.com,9782005572,1971-09-02,Kanpur,VERIFIED
437,Pooja Gaba,pooja.gaba@gmail.com,7573186981,1961-11-08,Hyderabad,VERIFIED
438,Joshua Chaudhry,joshua.chaudhry@gmail.com,0780570270,1985-11-05,Kolkata,VERIFIED
439,Ikbal Gulati,ikbal.gulati@gmail.com,6481535859,1985-11-21,Indore,VERIFIED
440,Tarak Radhakrishnan,tarak.radhakrishnan@gmail.com,6753642445,1980-08-20,Delhi,VERIFIED
441,Yahvi Chahal,yahvi.chahal@gmail.com,7036940192,1969-09-24,Mumbai,VERIFIED
442,Anay Varma,anay.varma@gmail.com,2913867430,2006-01-11,Bhopal,VERIFIED
443,Abhiram Bobal,abhiram.bobal@gmail.com,1979036567,2006-12-20,Ahmedabad,VERIFIED
444,Hemal Raja,hemal.raja@gmail.com,6570543637,1964-04-15,Bangalore,VERIFIED
445,Kabir Dutt,kabir.dutt@gmail.com,4793465316,1974-05-03,Bangalore,VERIFIED
446,Samar Shan,samar.shan@gmail.com,1420647083,1964-05-31,Lucknow,VERIFIED
447,Pratyush Rattan,pratyush.rattan@gmail.com,5097373654,2006-02-15,Kanpur,VERIFIED
448,Om Sen,om.sen@gmail.com,6471904598,1969-09-05,Bhopal,VERIFIED
449,Aarav Tak,aarav.tak@gmail.com,3929354997,1967-08-08,Mumbai,VERIFIED
450,Tanish Narula,tanish.narula@gmail.com,1314766113,1996-11-15,Gurgaon,VERIFIED
451,Zilmil Saxena,zilmil.saxena@gmail.com,9904906616,1983-10-03,Hyderabad,VERIFIED
452,Veda Verma,veda.verma@gmail.com,3097970894,1964-01-05,Delhi,VERIFIED
453,Ranveer Dugar,ranveer.dugar@gmail.com,9475935844,2001-04-18,Delhi,VERIFIED
454,Rishi Kadakia,rishi.kadakia@gmail.com,3058676031,1985-03-25,Hyderabad,VERIFIED
455,Baljiwan Bhatia,baljiwan.bhatia@gmail.com,1475061963,1969-10-07,Jaipur,VERIFIED
456,Fariq Aggarwal,fariq.aggarwal@gmail.com,9107804627,1993-08-06,Pune,VERIFIED
457,Ishani Dalal,ishani.dalal@gmail.com,2334763754,1964-11-13,Kolkata,VERIFIED
458,Advika Tella,advika.tella@gmail.com,3881799926,1994-06-01,Kolkata,VERIFIED
459,Sachi Varkey,sachi.varkey@gmail.com,7963260136,1997-12-26,Hyderabad,VERIFIED
460,Osha Bawa,osha.bawa@gmail.com,5137872135,2006-03-31,Bangalore,VERIFIED
461,Tarak Kuruvilla,tarak.kuruvilla@gmail.com,3130742112,1978-10-30,Gurgaon,VERIFIED
462,Eshana Patel,eshana.patel@gmail.com,7988219008,1969-09-14,Hyderabad,VERIFIED
463,Farhan Sarraf,farhan.sarraf@gmail.com,5922460495,1987-12-10,Ahmedabad,VERIFIED
464,Jalsa Kaur,jalsa.kaur@gmail.com,5744317460,1997-10-18,Indore,VERIFIED
465,Libni Bansal,libni.bansal@gmail.com,7956803377,1963-06-10,Mumbai,VERIFIED
466,Samaksh Munshi,samaksh.munshi@gmail.com,8846195930,1974-10-16,Noida,VERIFIED
467,Raksha Dhar,raksha.dhar@gmail.com,0535884356,2001-11-05,Bhopal,VERIFIED
468,Neha Doshi,neha.doshi@gmail.com,1505620391,2001-01-21,Bangalore,VERIFIED
469,David Natt,david.natt@gmail.com,0210131776,1976-10-01,Kanpur,VERIFIED
470,Abdul Jayaraman,abdul.jayaraman@gmail.com,0799433477,1992-06-15,Mumbai,VERIFIED
471,Xalak Vaidya,xalak.vaidya@gmail.com,5486963743,2002-07-24,Mumbai,VERIFIED
472,Eiravati Panchal,eiravati.panchal@gmail.com,3581717919,2006-02-01,Noida,VERIFIED
473,Sneha Sawhney,sneha.sawhney@gmail.com,9064881978,1973-11-03,Noida,VERIFIED
474,Dhriti Ben,dhriti.ben@gmail.com,5944704752,1978-07-15,Noida,VERIFIED
475,Samar Naidu,samar.naidu@gmail.com,9762365077,1960-06-12,Noida,VERIFIED
476,Anya Buch,anya.buch@gmail.com,4022757785,1962-10-31,Gurgaon,VERIFIED
477,Umang Das,umang.das@gmail.com,8426656702,1974-04-17,Hyderabad,VERIFIED
478,Rajeshri Ratta,rajeshri.ratta@gmail.com,8179066572,2006-02-04,Lucknow,VERIFIED
479,Jagdish Chokshi,jagdish.chokshi@gmail.com,4434219255,1985-02-20,Bhopal,VERIFIED
480,Sanaya Thaker,sanaya.thaker@gmail.com,6835148433,2007-08-12,Ahmedabad,VERIFIED
481,Januja Chana,januja.chana@gmail.com,1594029289,1973-05-22,Mumbai,VERIFIED
482,Anya Ramachandran,anya.ramachandran@gmail.com,0667291572,1996-07-03,Mumbai,VERIFIED
483,Amruta Date,amruta.date@gmail.com,2094457415,1980-09-24,Chennai,VERIFIED
484,Yashawini Anand,yashawini.anand@gmail.com,1095903927,1985-04-23,Kanpur,VERIFIED
485,Mahika Bumb,mahika.bumb@gmail.com,1695469133,1987-10-07,Indore,VERIFIED
486,Widisha Sehgal,widisha.sehgal@gmail.com,6731864612,1990-07-05,Noida,VERIFIED
487,Darpan Swamy,darpan.swamy@gmail.com,2059215110,1968-01-10,Noida,VERIFIED
488,Nitesh Uppal,nitesh.uppal@gmail.com,5632066700,1982-05-13,Indore,VERIFIED
489,Anvi Malhotra,anvi.malhotra@gmail.com,4036132756,1971-09-24,Lucknow,VERIFIED
490,Benjamin Mody,benjamin.mody@gmail.com,1022093670,2005-04-17,Chandigarh,VERIFIED
491,Ijaya Oza,ijaya.oza@gmail.com,3193420781,1997-12-20,Chennai,VERIFIED
492,Ekavir Padmanabhan,ekavir.padmanabhan@gmail.com,9557396092,1963-09-17,Indore,VERIFIED
493,Gautam Patla,gautam.patla@gmail.com,8913769373,1964-01-08,Indore,VERIFIED
494,Nisha Srinivas,nisha.srinivas@gmail.com,9209248356,1991-06-12,Indore,VERIFIED
495,Hitesh Chhabra,hitesh.chhabra@gmail.com,8665803811,1969-03-04,Chennai,VERIFIED
496,Jhalak Karan,jhalak.karan@gmail.com,5252317382,1992-11-15,Mumbai,VERIFIED
497,Vrishti Chad,vrishti.chad@gmail.com,5135430799,1977-04-28,Kanpur,VERIFIED
498,Sathvik Dube,sathvik.dube@gmail.com,1017213523,1986-12-06,Delhi,VERIFIED
499,Gunbir Sibal,gunbir.sibal@gmail.com,2996274106,1970-05-10,Bangalore,VERIFIED
500,Tanmayi Khalsa,tanmayi.khalsa@gmail.com,6960949825,1963-05-31,Indore,VERIFIED
501,Alexander Tank,alexander.tank@gmail.com,5379681564,1997-05-12,Ahmedabad,VERIFIED
502,Aayush Ray,aayush.ray@gmail.com,2650806473,1967-12-05,Indore,VERIFIED
503,Warda Rama,warda.rama@gmail.com,1644171586,1966-08-10,Noida,VERIFIED
504,Harita Som,harita.som@gmail.com,2084461046,2002-08-10,Hyderabad,VERIFIED
505,Vanya Dave,vanya.dave@gmail.com,2094016203,1966-10-20,Mumbai,VERIFIED
506,Vansha Chander,vansha.chander@gmail.com,0141998676,1994-10-05,Kanpur,VERIFIED
507,Deepa Din,deepa.din@gmail.com,9698026741,1971-11-15,Kanpur,VERIFIED
508,Victor Goel,victor.goel@gmail.com,8707715151,1992-05-18,Mumbai,VERIFIED
509,Pratyush Dasgupta,pratyush.dasgupta@gmail.com,8617187942,1994-08-09,Gurgaon,VERIFIED
510,Libni Bahl,libni.bahl@gmail.com,7831793520,1996-02-23,Chandigarh,VERIFIED
511,Samuel Chana,samuel.chana@gmail.com,4861231087,2006-03-25,Lucknow,VERIFIED
512,Widisha Pai,widisha.pai@gmail.com,7588653993,1975-08-31,Bangalore,VERIFIED
513,Christopher Sarna,christopher.sarna@gmail.com,5210541653,1976-09-01,Kolkata,VERIFIED
514,Bakhshi Wali,bakhshi.wali@gmail.com,5298032480,1991-06-13,Bangalore,VERIFIED
515,Pavani Mannan,pavani.mannan@gmail.com,0849460884,2000-02-08,Kolkata,VERIFIED
516,Krishna Mukherjee,krishna.mukherjee@gmail.com,8003139622,1981-07-18,Bangalore,VERIFIED
517,Bhavika Chaudhry,bhavika.chaudhry@gmail.com,1083746132,2003-09-05,Hyderabad,VERIFIED
518,Ekaraj D’Alia,ekaraj.d’alia@gmail.com,2228475086,1965-05-05,Chandigarh,VERIFIED
519,Aarini Arora,aarini.arora@gmail.com,6770811874,1969-10-07,Delhi,VERIFIED
520,Krisha Dutt,krisha.dutt@gmail.com,8819185521,2003-01-09,Lucknow,VERIFIED
521,Tamanna Sheth,tamanna.sheth@gmail.com,4381668716,1980-06-29,Jaipur,VERIFIED
522,Chanakya Pai,chanakya.pai@gmail.com,9328405516,1998-02-17,Ahmedabad,VERIFIED
523,Pratyush Sahota,pratyush.sahota@gmail.com,3784719741,1993-02-19,Bhopal,VERIFIED
524,Jeevika Koshy,jeevika.koshy@gmail.com,2550395684,1973-10-15,Chandigarh,VERIFIED
525,Pavani Pillai,pavani.pillai@gmail.com,9731407425,1986-11-25,Hyderabad,VERIFIED
526,Anusha Bora,anusha.bora@gmail.com,1579405006,2007-03-31,Jaipur,VERIFIED
527,Jagvi Thakur,jagvi.thakur@gmail.com,8087348016,1976-12-26,Bhopal,VERIFIED
528,Bhavika Sundaram,bhavika.sundaram@gmail.com,3702526414,1974-08-01,Noida,VERIFIED
529,Bhavini Behl,bhavini.behl@gmail.com,6216526559,2002-07-11,Noida,VERIFIED
530,Guneet Singh,guneet.singh@gmail.com,3963964100,1962-12-13,Pune,VERIFIED
531,Pooja Ahluwalia,pooja.ahluwalia@gmail.com,1519665540,1994-09-04,Pune,VERIFIED
532,Gaurav Halder,gaurav.halder@gmail.com,8617923324,2000-09-27,Indore,VERIFIED
533,Yashoda Bail,yashoda.bail@gmail.com,7261289812,1983-10-19,Ahmedabad,VERIFIED
534,Raghav Bhat,raghav.bhat@gmail.com,0881840970,1979-09-29,Indore,VERIFIED
535,Osha Choudhary,osha.choudhary@gmail.com,7987484476,2006-07-03,Indore,VERIFIED
536,Dhruv Jayaraman,dhruv.jayaraman@gmail.com,2097385453,1964-06-07,Lucknow,VERIFIED
537,Zarna Borah,zarna.borah@gmail.com,3397432382,1974-01-08,Chennai,VERIFIED
538,Charan Kunda,charan.kunda@gmail.com,0319820036,2001-03-06,Hyderabad,VERIFIED
539,Jairaj Shetty,jairaj.shetty@gmail.com,9598061118,1964-04-26,Jaipur,VERIFIED
540,Naveen Kalita,naveen.kalita@gmail.com,1131991178,1960-08-26,Kanpur,VERIFIED
541,Gautam Mann,gautam.mann@gmail.com,0208443983,1997-02-10,Ahmedabad,VERIFIED
542,Hemang Sankaran,hemang.sankaran@gmail.com,0977474305,1975-03-27,Bangalore,VERIFIED
543,Yahvi Mall,yahvi.mall@gmail.com,4277103810,2003-11-29,Jaipur,VERIFIED
544,Urishilla Shroff,urishilla.shroff@gmail.com,1818565611,1975-08-11,Jaipur,VERIFIED
545,Janya Dhar,janya.dhar@gmail.com,7109072076,1962-10-17,Gurgaon,VERIFIED
546,Krisha Nanda,krisha.nanda@gmail.com,9817611314,1974-12-25,Kanpur,VERIFIED
547,Harini Gera,harini.gera@gmail.com,6758788207,1976-10-08,Kolkata,VERIFIED
548,Tanveer Dada,tanveer.dada@gmail.com,6894395534,1991-01-28,Bhopal,VERIFIED
549,Nimrat Parmar,nimrat.parmar@gmail.com,4763419127,2007-10-29,Hyderabad,VERIFIED
550,Upadhriti Dutta,upadhriti.dutta@gmail.com,5748352815,1963-12-04,Indore,VERIFIED
551,Daksha Boase,daksha.boase@gmail.com,2237632534,1993-06-12,Kolkata,VERIFIED
552,Janya Kadakia,janya.kadakia@gmail.com,4895142098,1991-05-23,Lucknow,VERIFIED
553,Bimala Ramesh,bimala.ramesh@gmail.com,4899290475,1963-07-25,Lucknow,VERIFIED
554,Reva Ahluwalia,reva.ahluwalia@gmail.com,1652542973,1996-06-06,Bhopal,VERIFIED
555,Pushti Bhatia,pushti.bhatia@gmail.com,1827791851,1976-12-01,Bangalore,VERIFIED
556,Balveer Agate,balveer.agate@gmail.com,9142328538,2007-12-05,Indore,VERIFIED
557,Ikshita Memon,ikshita.memon@gmail.com,3876762463,1978-03-30,Hyderabad,VERIFIED
558,Bhavna Hegde,bhavna.hegde@gmail.com,7300828110,1991-06-04,Bangalore,VERIFIED
559,Pranav Mishra,pranav.mishra@gmail.com,7159369983,1990-08-25,Chennai,VERIFIED
560,Dhriti Deshpande,dhriti.deshpande@gmail.com,1412636195,1976-11-27,Delhi,VERIFIED
561,Christopher Sane,christopher.sane@gmail.com,2718476868,1991-10-26,Jaipur,VERIFIED
562,Eshana Handa,eshana.handa@gmail.com,3223581840,2001-10-16,Bhopal,VERIFIED
563,Aadhya Basu,aadhya.basu@gmail.com,1879842700,1976-10-30,Jaipur,VERIFIED
564,Odika Swaminathan,odika.swaminathan@gmail.com,1022602059,1996-02-22,Noida,VERIFIED
565,Chaitanya Shere,chaitanya.shere@gmail.com,2093328512,1989-08-08,Noida,VERIFIED
566,Rehaan Doctor,rehaan.doctor@gmail.com,1691686010,1988-04-03,Kolkata,VERIFIED
567,Chatresh Prasad,chatresh.prasad@gmail.com,5309312037,1962-07-20,Kolkata,VERIFIED
568,Yashoda Mangat,yashoda.mangat@gmail.com,5114498181,1981-09-27,Jaipur,VERIFIED
569,Lopa Kapur,lopa.kapur@gmail.com,7073887788,2004-07-10,Indore,VERIFIED
570,Chanakya Sachdeva,chanakya.sachdeva@gmail.com,0901545287,1960-12-11,Mumbai,VERIFIED
571,Ekapad Pingle,ekapad.pingle@gmail.com,2528900978,1972-11-02,Gurgaon,VERIFIED
572,Jasmit Natt,jasmit.natt@gmail.com,1714979961,1967-09-06,Gurgaon,VERIFIED
573,Yashawini Tiwari,yashawini.tiwari@gmail.com,8240999704,1999-06-10,Delhi,VERIFIED
574,Arunima Karpe,arunima.karpe@gmail.com,5823733609,1960-05-14,Bangalore,VERIFIED
575,Triveni Soman,triveni.soman@gmail.com,0543252767,1988-10-23,Indore,VERIFIED
576,Samuel Chad,samuel.chad@gmail.com,2019813632,2003-09-13,Pune,VERIFIED
577,Girish Dada,girish.dada@gmail.com,8718191315,2007-04-17,Lucknow,VERIFIED
578,Libni Modi,libni.modi@gmail.com,8630204521,1977-11-17,Chandigarh,VERIFIED
579,Oliver Dhar,oliver.dhar@gmail.com,6517499500,1970-01-31,Indore,VERIFIED
580,Peter Kalita,peter.kalita@gmail.com,5040707299,1962-06-06,Jaipur,VERIFIED
581,Neha Subramaniam,neha.subramaniam@gmail.com,9068240950,1996-06-03,Lucknow,VERIFIED
582,Amrita Bhatnagar,amrita.bhatnagar@gmail.com,4995259216,2002-07-02,Kolkata,VERIFIED
583,Amruta Goel,amruta.goel@gmail.com,1381375435,1985-02-04,Gurgaon,VERIFIED
584,Laksh Garde,laksh.garde@gmail.com,3857488918,1975-07-04,Bangalore,VERIFIED
585,Triveni Randhawa,triveni.randhawa@gmail.com,6040206809,1961-10-14,Noida,VERIFIED
586,Varenya Ahuja,varenya.ahuja@gmail.com,2065674756,1989-03-25,Bangalore,VERIFIED
587,Zehaan Bhat,zehaan.bhat@gmail.com,8458562701,1990-01-26,Chandigarh,VERIFIED
588,Anmol Datta,anmol.datta@gmail.com,7665523083,1982-11-11,Lucknow,VERIFIED
589,Anya Jayaraman,anya.jayaraman@gmail.com,3826266278,2000-12-02,Hyderabad,VERIFIED
590,Zilmil Saxena,zilmil.saxena@gmail.com,8592030831,1996-04-14,Chandigarh,VERIFIED
591,Leela Dyal,leela.dyal@gmail.com,6555148146,1985-05-17,Bangalore,VERIFIED
592,Nandini Mohanty,nandini.mohanty@gmail.com,0455263780,1966-07-16,Lucknow,VERIFIED
593,Shaurya Narula,shaurya.narula@gmail.com,0227520164,1970-07-09,Jaipur,VERIFIED
594,Balvan Bobal,balvan.bobal@gmail.com,5870727636,1992-04-05,Bangalore,VERIFIED
595,Anjali Khurana,anjali.khurana@gmail.com,1228316365,1990-11-28,Bhopal,VERIFIED
596,Chatura Saini,chatura.saini@gmail.com,1297340186,1988-03-12,Kanpur,VERIFIED
597,Jeremiah Kapadia,jeremiah.kapadia@gmail.com,5982904121,1998-09-12,Mumbai,VERIFIED
598,Idika Anne,idika.anne@gmail.com,7535533932,2000-08-01,Pune,VERIFIED
599,Faras Tailor,faras.tailor@gmail.com,3626214966,1994-07-02,Chennai,VERIFIED
600,Yuvraj Chander,yuvraj.chander@gmail.com,0803809577,1987-07-18,Jaipur,VERIFIED
601,Victor Sawhney,victor.sawhney@gmail.com,5341209742,1962-04-16,Bangalore,VERIFIED
602,Azad Bahri,azad.bahri@gmail.com,3593168375,1980-05-01,Pune,VERIFIED
603,Samar Gola,samar.gola@gmail.com,1288626315,1976-11-12,Mumbai,VERIFIED
604,Orinder Dayal,orinder.dayal@gmail.com,4461494195,1978-10-19,Pune,VERIFIED
605,Alexander Loke,alexander.loke@gmail.com,4713874589,1969-01-17,Ahmedabad,VERIFIED
606,Lopa Gara,lopa.gara@gmail.com,5291101894,1976-12-01,Gurgaon,VERIFIED
607,Karan Cherian,karan.cherian@gmail.com,4944219619,1990-07-18,Chandigarh,VERIFIED
608,Upkaar Vaidya,upkaar.vaidya@gmail.com,8397420839,1979-06-27,Delhi,VERIFIED
609,Laban Dugal,laban.dugal@gmail.com,2190064771,1985-03-13,Chandigarh,VERIFIED
610,Umang Kapoor,umang.kapoor@gmail.com,4672931572,1992-04-04,Kanpur,VERIFIED
611,Mekhala Lal,mekhala.lal@gmail.com,7065834275,1975-09-07,Ahmedabad,VERIFIED
612,Krishna Sarin,krishna.sarin@gmail.com,9712107647,2006-03-19,Noida,VERIFIED
613,Charan Bajaj,charan.bajaj@gmail.com,7856253785,2005-06-13,Kanpur,VERIFIED
614,Kritika Kulkarni,kritika.kulkarni@gmail.com,9802523523,1971-10-27,Bhopal,VERIFIED
615,Wahab Kalita,wahab.kalita@gmail.com,1952152725,1964-12-16,Indore,VERIFIED
616,Yatin Seshadri,yatin.seshadri@gmail.com,5474027160,1986-08-11,Jaipur,VERIFIED
617,Watika Dash,watika.dash@gmail.com,0805336680,1974-06-04,Bhopal,VERIFIED
618,Charan Toor,charan.toor@gmail.com,4855957203,1982-08-02,Hyderabad,VERIFIED
619,Kevin Kar,kevin.kar@gmail.com,4674628568,2006-07-31,Kolkata,VERIFIED
620,Ayush Peri,ayush.peri@gmail.com,9859303931,2006-05-26,Bhopal,VERIFIED
621,Lajita Patla,lajita.patla@gmail.com,0384776419,1987-08-07,Indore,VERIFIED
622,Leena Guha,leena.guha@gmail.com,4465825145,1976-01-05,Indore,VERIFIED
623,Isaac Kala,isaac.kala@gmail.com,1437759798,1980-05-31,Bangalore,VERIFIED
624,Robert Pingle,robert.pingle@gmail.com,8309531648,2002-02-22,Lucknow,VERIFIED
625,Banjeet Sama,banjeet.sama@gmail.com,9668830004,1991-02-19,Chandigarh,VERIFIED
626,Noah Sahota,noah.sahota@gmail.com,7106055487,2000-01-05,Pune,VERIFIED
627,Arunima Varghese,arunima.varghese@gmail.com,4267168604,1989-09-11,Noida,VERIFIED
628,Lavanya Kannan,lavanya.kannan@gmail.com,9228067492,1990-01-26,Kolkata,VERIFIED
629,Kashvi Grewal,kashvi.grewal@gmail.com,3282796914,1989-03-06,Delhi,VERIFIED
630,Rushil Kohli,rushil.kohli@gmail.com,5826121049,1965-09-11,Chennai,VERIFIED
631,Nandini Hans,nandini.hans@gmail.com,1908034460,1991-04-10,Noida,VERIFIED
632,Amaira Gill,amaira.gill@gmail.com,9004454221,2003-02-27,Indore,VERIFIED
633,Anika Mitter,anika.mitter@gmail.com,0616002847,1986-02-19,Kolkata,VERIFIED
634,Vinaya Banik,vinaya.banik@gmail.com,7820244790,1962-11-27,Pune,VERIFIED
635,Aadhya Tata,aadhya.tata@gmail.com,0579613326,1984-05-24,Chennai,VERIFIED
636,Advika Mand,advika.mand@gmail.com,7507084230,2002-09-19,Chandigarh,VERIFIED
637,Yashodhara Balakrishnan,yashodhara.balakrishnan@gmail.com,7993710554,1991-03-11,Noida,VERIFIED
638,Krisha Karan,krisha.karan@gmail.com,0345932993,1977-11-20,Kanpur,VERIFIED
639,Eesha Mody,eesha.mody@gmail.com,0912652343,1968-03-16,Bangalore,VERIFIED
640,Bimala Bala,bimala.bala@gmail.com,5195067590,1979-02-07,Bangalore,VERIFIED
641,Damyanti Nazareth,damyanti.nazareth@gmail.com,6608428600,2006-07-04,Kanpur,VERIFIED
642,Ekansh Bahri,ekansh.bahri@gmail.com,7316333164,1982-05-31,Chandigarh,VERIFIED
643,Vedant More,vedant.more@gmail.com,3723080336,1983-09-03,Lucknow,VERIFIED
644,Fiyaz Gala,fiyaz.gala@gmail.com,0615125650,1989-10-03,Pune,VERIFIED
645,Isaiah Ghosh,isaiah.ghosh@gmail.com,1640447181,1961-02-11,Kolkata,VERIFIED
646,Ekantika Pai,ekantika.pai@gmail.com,4600266612,2001-10-10,Mumbai,VERIFIED
647,Manan Hans,manan.hans@gmail.com,4381704445,2004-12-31,Bhopal,VERIFIED
648,Ekapad Bobal,ekapad.bobal@gmail.com,5791184639,1977-05-16,Chennai,VERIFIED
649,Kamya Bhagat,kamya.bhagat@gmail.com,8661871058,1976-03-13,Bhopal,VERIFIED
650,Teerth Mistry,teerth.mistry@gmail.com,1171694940,1993-04-29,Bhopal,VERIFIED
651,Vaishnavi Sibal,vaishnavi.sibal@gmail.com,8075635947,1977-11-08,Indore,VERIFIED
652,Chaitaly Kala,chaitaly.kala@gmail.com,8159242709,2007-11-21,Mumbai,VERIFIED
653,Quincy Gopal,quincy.gopal@gmail.com,7673833453,1976-03-14,Hyderabad,VERIFIED
654,Yashasvi Sehgal,yashasvi.sehgal@gmail.com,7562413618,1993-04-25,Pune,VERIFIED
655,Pallavi Krishna,pallavi.krishna@gmail.com,7794174086,1993-04-22,Hyderabad,VERIFIED
656,Chavvi Thaman,chavvi.thaman@gmail.com,9205352968,1973-08-14,Hyderabad,VERIFIED
657,Aarini Sangha,aarini.sangha@gmail.com,3816124023,1996-06-25,Lucknow,VERIFIED
658,Madhav Gandhi,madhav.gandhi@gmail.com,6018677115,1974-11-19,Ahmedabad,VERIFIED
659,Harini Swaminathan,harini.swaminathan@gmail.com,5741456871,1980-12-17,Chandigarh,VERIFIED
660,Tejas Rattan,tejas.rattan@gmail.com,4483596149,1966-03-23,Mumbai,VERIFIED
661,Teerth Chatterjee,teerth.chatterjee@gmail.com,1064044149,1976-02-21,Delhi,VERIFIED
662,Darsh Gokhale,darsh.gokhale@gmail.com,5997965155,2002-09-25,Mumbai,VERIFIED
663,Januja Mand,januja.mand@gmail.com,8599009531,2003-08-30,Mumbai,VERIFIED
664,Advaith Divan,advaith.divan@gmail.com,7029942818,2006-07-21,Chennai,VERIFIED
665,Krish Wadhwa,krish.wadhwa@gmail.com,9803843937,1968-12-25,Hyderabad,VERIFIED
666,Avi Kaur,avi.kaur@gmail.com,4493484279,1973-05-16,Chandigarh,VERIFIED
667,Gaurika Gokhale,gaurika.gokhale@gmail.com,7995876422,1982-11-11,Pune,VERIFIED
668,Ekiya Choudhry,ekiya.choudhry@gmail.com,1466374842,1964-03-11,Delhi,VERIFIED
669,Robert Yadav,robert.yadav@gmail.com,7950963690,1970-02-02,Ahmedabad,VERIFIED
670,Karan Kade,karan.kade@gmail.com,4382026866,1978-04-07,Hyderabad,VERIFIED
671,Aadi Hora,aadi.hora@gmail.com,8522133109,1995-06-23,Noida,VERIFIED
672,Urmi Sahni,urmi.sahni@gmail.com,3668735786,2000-11-10,Indore,VERIFIED
673,Varenya Kannan,varenya.kannan@gmail.com,1611740349,1992-07-23,Bangalore,VERIFIED
674,Jeevika Nori,jeevika.nori@gmail.com,0297767595,1993-03-19,Chandigarh,VERIFIED
675,Wyatt Datta,wyatt.datta@gmail.com,1602650742,1996-11-29,Chennai,VERIFIED
676,Mitesh Magar,mitesh.magar@gmail.com,6832283090,2005-01-22,Delhi,VERIFIED
677,Chaaya Salvi,chaaya.salvi@gmail.com,4630976344,1997-10-07,Chandigarh,VERIFIED
678,Wazir Wali,wazir.wali@gmail.com,7896454178,1964-01-16,Pune,VERIFIED
679,Matthew Chopra,matthew.chopra@gmail.com,6327754731,1987-06-13,Noida,VERIFIED
680,Panini Pillay,panini.pillay@gmail.com,7621758439,2003-06-21,Bhopal,VERIFIED
681,Yadavi Nayar,yadavi.nayar@gmail.com,9855985759,1994-08-02,Lucknow,VERIFIED
682,Yauvani Raval,yauvani.raval@gmail.com,2111442435,1980-12-10,Noida,VERIFIED
683,Ojasvi Bhandari,ojasvi.bhandari@gmail.com,2805235033,1991-09-28,Jaipur,VERIFIED
684,Nakul Krishnan,nakul.krishnan@gmail.com,7157982824,1965-04-12,Chennai,VERIFIED
685,Faras Singh,faras.singh@gmail.com,5992669672,1995-01-06,Ahmedabad,VERIFIED
686,Agastya Ghosh,agastya.ghosh@gmail.com,1758300765,2000-10-07,Chennai,VERIFIED
687,Harita Gokhale,harita.gokhale@gmail.com,1218556699,1994-05-28,Noida,VERIFIED
688,Yash Varty,yash.varty@gmail.com,8976122431,2004-08-09,Mumbai,VERIFIED
689,Fariq Loyal,fariq.loyal@gmail.com,3441197493,2006-02-15,Mumbai,VERIFIED
690,Bhavini Borra,bhavini.borra@gmail.com,5853537310,2005-03-31,Hyderabad,VERIFIED
691,Dipta Mutti,dipta.mutti@gmail.com,4576636422,1974-09-26,Mumbai,VERIFIED
692,Nathan Edwin,nathan.edwin@gmail.com,9222324697,1992-11-14,Mumbai,VERIFIED
693,Barkha Arya,barkha.arya@gmail.com,1921328604,1984-03-08,Kolkata,VERIFIED
694,Fiyaz Kapadia,fiyaz.kapadia@gmail.com,7848163993,1977-07-29,Bangalore,VERIFIED
695,Saumya Minhas,saumya.minhas@gmail.com,8093355262,2001-09-14,Bangalore,VERIFIED
696,Jeremiah Kara,jeremiah.kara@gmail.com,5450052029,1960-10-26,Pune,VERIFIED
697,Rudra Kalita,rudra.kalita@gmail.com,2948687358,1964-03-15,Kolkata,VERIFIED
698,Upasna More,upasna.more@gmail.com,0707536353,1977-11-16,Chandigarh,VERIFIED
699,Adya Tandon,adya.tandon@gmail.com,2807119533,1979-09-22,Delhi,VERIFIED
700,Anthony Brahmbhatt,anthony.brahmbhatt@gmail.com,7645323659,1967-06-01,Kolkata,VERIFIED
701,Alka Narain,alka.narain@gmail.com,7733353391,1986-03-13,Pune,VERIFIED
702,Benjamin Aggarwal,benjamin.aggarwal@gmail.com,9671264418,1996-01-23,Hyderabad,VERIFIED
703,Hiral Menon,hiral.menon@gmail.com,4488737999,2001-12-05,Kolkata,VERIFIED
704,Amol Pal,amol.pal@gmail.com,5289200252,1987-08-02,Delhi,VERIFIED
705,Aarna Dhar,aarna.dhar@gmail.com,6187444585,1985-12-12,Pune,VERIFIED
706,Peter Parmar,peter.parmar@gmail.com,1477901802,2001-11-29,Gurgaon,VERIFIED
707,Osha Guha,osha.guha@gmail.com,4985761965,1978-01-05,Pune,VERIFIED
708,Inaya Palla,inaya.palla@gmail.com,2330404937,1972-05-22,Pune,VERIFIED
709,Mahika Pillay,mahika.pillay@gmail.com,1957846014,1963-11-27,Pune,VERIFIED
710,Abhiram Naik,abhiram.naik@gmail.com,2087236237,1993-04-27,Delhi,VERIFIED
711,Chanakya Sarin,chanakya.sarin@gmail.com,7439580949,1965-07-11,Chennai,VERIFIED
712,Raksha Dua,raksha.dua@gmail.com,9130333258,1993-06-19,Delhi,VERIFIED
713,Ronith Chada,ronith.chada@gmail.com,6841777974,1983-09-11,Bhopal,VERIFIED
714,Champak Taneja,champak.taneja@gmail.com,8248920217,1962-02-28,Jaipur,VERIFIED
715,Gavin Pingle,gavin.pingle@gmail.com,3678246654,1999-06-11,Indore,VERIFIED
716,Lajita Nath,lajita.nath@gmail.com,8954558430,1969-04-11,Jaipur,VERIFIED
717,Matthew Mital,matthew.mital@gmail.com,8412049292,1996-06-15,Chandigarh,VERIFIED
718,Oscar Goel,oscar.goel@gmail.com,9712615027,1969-02-09,Indore,VERIFIED
719,Janaki Palan,janaki.palan@gmail.com,7659572261,1974-08-23,Jaipur,VERIFIED
720,Nathaniel Soni,nathaniel.soni@gmail.com,0065193530,1971-02-14,Bhopal,VERIFIED
721,Dhriti Badal,dhriti.badal@gmail.com,7412945430,1983-04-01,Delhi,VERIFIED
722,Chavvi Maharaj,chavvi.maharaj@gmail.com,8767272878,2002-01-30,Jaipur,VERIFIED
723,Nandini Date,nandini.date@gmail.com,1211552841,2004-02-05,Mumbai,VERIFIED
724,Laban Yogi,laban.yogi@gmail.com,1183653543,1998-10-07,Bangalore,VERIFIED
725,Krisha Kohli,krisha.kohli@gmail.com,2546852939,1997-06-14,Bangalore,VERIFIED
726,Kai Boase,kai.boase@gmail.com,5100366503,1978-04-02,Lucknow,VERIFIED
727,Vasatika Singh,vasatika.singh@gmail.com,0499666331,1976-04-27,Indore,VERIFIED
728,Sai Oommen,sai.oommen@gmail.com,5538558415,1972-12-05,Bhopal,VERIFIED
729,Barkha Atwal,barkha.atwal@gmail.com,1661985407,1983-02-05,Lucknow,VERIFIED
730,Geetika Gera,geetika.gera@gmail.com,7918199297,1968-08-22,Bangalore,VERIFIED
731,Jhalak Mitter,jhalak.mitter@gmail.com,0605160094,1984-05-12,Mumbai,VERIFIED
732,Raksha Peri,raksha.peri@gmail.com,0509428212,1994-03-22,Noida,VERIFIED
733,Bhavika Mitter,bhavika.mitter@gmail.com,3345966731,1970-12-14,Kolkata,VERIFIED
734,Janya Srinivasan,janya.srinivasan@gmail.com,0094871916,1963-10-03,Kolkata,VERIFIED
735,Kashvi Rao,kashvi.rao@gmail.com,3546426249,1980-09-09,Delhi,VERIFIED
736,Zinal Hegde,zinal.hegde@gmail.com,7707187215,1999-12-30,Indore,VERIFIED
737,Yashasvi Rattan,yashasvi.rattan@gmail.com,9211477544,1973-08-25,Chandigarh,VERIFIED
738,Aachal Goel,aachal.goel@gmail.com,2883724837,2004-06-29,Chandigarh,VERIFIED
739,Warda Vala,warda.vala@gmail.com,0754901706,1985-07-22,Bhopal,VERIFIED
740,Ijaya Sant,ijaya.sant@gmail.com,8518783737,1968-01-02,Noida,VERIFIED
741,Tristan Doctor,tristan.doctor@gmail.com,8919510896,1974-03-28,Bangalore,VERIFIED
742,Saksham Dutt,saksham.dutt@gmail.com,0596433283,1993-10-08,Kanpur,VERIFIED
743,Zayan Chana,zayan.chana@gmail.com,4744306074,1979-11-07,Gurgaon,VERIFIED
744,Arya Wable,arya.wable@gmail.com,3130253550,1997-07-13,Pune,VERIFIED
745,Aarush Dada,aarush.dada@gmail.com,8390801355,1980-05-23,Mumbai,VERIFIED
746,Bachittar Dara,bachittar.dara@gmail.com,3554305622,1987-04-13,Kolkata,VERIFIED
747,Amol Sheth,amol.sheth@gmail.com,8006906420,1972-04-28,Lucknow,VERIFIED
748,Abeer Chana,abeer.chana@gmail.com,7141788593,1982-06-26,Kolkata,VERIFIED
749,Jeremiah Bir,jeremiah.bir@gmail.com,8562779990,1968-09-04,Chennai,VERIFIED
750,Veda Mistry,veda.mistry@gmail.com,5936502416,1969-02-21,Pune,VERIFIED
751,Neha Bakshi,neha.bakshi@gmail.com,0248849483,1989-11-20,Bangalore,VERIFIED
752,Jagvi Dada,jagvi.dada@gmail.com,5144323874,1968-09-25,Lucknow,VERIFIED
753,Osha Boase,osha.boase@gmail.com,6821991218,1966-09-06,Chennai,VERIFIED
754,Anirudh Bera,anirudh.bera@gmail.com,9121106931,1990-10-29,Hyderabad,VERIFIED
755,Qarin Subramanian,qarin.subramanian@gmail.com,2960716354,1987-04-14,Ahmedabad,VERIFIED
756,Veda Kohli,veda.kohli@gmail.com,2836108156,1975-08-27,Jaipur,VERIFIED
757,Krish Pal,krish.pal@gmail.com,5143362173,1989-04-29,Chennai,VERIFIED
758,Sara Chatterjee,sara.chatterjee@gmail.com,9022323390,1974-05-17,Hyderabad,VERIFIED
759,Neelima Ram,neelima.ram@gmail.com,5478867522,1968-09-09,Noida,VERIFIED
760,Jonathan Bir,jonathan.bir@gmail.com,3373079880,1962-09-21,Indore,VERIFIED
761,Ikbal Ratti,ikbal.ratti@gmail.com,3249384277,1983-02-11,Chandigarh,VERIFIED
762,Agastya Ahuja,agastya.ahuja@gmail.com,5686281562,1960-04-01,Mumbai,VERIFIED
763,Chanakya Khosla,chanakya.khosla@gmail.com,1004394622,1964-05-02,Bangalore,VERIFIED
764,Wishi Balan,wishi.balan@gmail.com,4030761881,2002-11-30,Ahmedabad,VERIFIED
765,Omya Comar,omya.comar@gmail.com,0614708281,1963-09-05,Lucknow,VERIFIED
766,Vasudha Sangha,vasudha.sangha@gmail.com,2775086696,1963-10-03,Hyderabad,VERIFIED
767,Hamsini Srinivas,hamsini.srinivas@gmail.com,8818538787,1988-01-24,Indore,VERIFIED
768,Fitan Bera,fitan.bera@gmail.com,6124176199,1983-12-23,Lucknow,VERIFIED
769,Patrick Kara,patrick.kara@gmail.com,2735974118,1987-05-29,Chennai,VERIFIED
770,Mugdha Karnik,mugdha.karnik@gmail.com,2236650150,1987-08-30,Mumbai,VERIFIED
771,Naksh Chauhan,naksh.chauhan@gmail.com,7736146980,1960-01-31,Mumbai,VERIFIED
772,Ishani Pradhan,ishani.pradhan@gmail.com,0193000927,1996-11-03,Ahmedabad,VERIFIED
773,Damini Contractor,damini.contractor@gmail.com,5086740196,1963-06-27,Pune,VERIFIED
774,Fiyaz Parekh,fiyaz.parekh@gmail.com,5102876393,1992-12-08,Gurgaon,VERIFIED
775,Radhika Suri,radhika.suri@gmail.com,3749812093,1971-07-20,Bangalore,VERIFIED
776,Wazir Palla,wazir.palla@gmail.com,4697817424,1990-09-09,Kolkata,VERIFIED
777,Imaran Bahri,imaran.bahri@gmail.com,7493988507,1974-01-19,Noida,VERIFIED
778,Lohit Dora,lohit.dora@gmail.com,1047872562,1999-06-14,Lucknow,VERIFIED
779,Oni Wali,oni.wali@gmail.com,3340221699,1991-09-07,Kanpur,VERIFIED
780,Warda Kaur,warda.kaur@gmail.com,8486565720,1986-12-07,Ahmedabad,VERIFIED
781,Mason Vora,mason.vora@gmail.com,0300895813,1962-06-17,Chandigarh,VERIFIED
782,Anmol Yogi,anmol.yogi@gmail.com,5879147499,2004-04-16,Chennai,VERIFIED
783,Oni Parekh,oni.parekh@gmail.com,6306237625,1996-03-18,Delhi,VERIFIED
784,Yamini Sandhu,yamini.sandhu@gmail.com,3579441091,1995-03-30,Delhi,VERIFIED
785,Azaan Kothari,azaan.kothari@gmail.com,2825943766,1993-04-09,Pune,VERIFIED
786,Waida Narayanan,waida.narayanan@gmail.com,5187731313,1982-05-06,Mumbai,VERIFIED
787,Ranbir Ramanathan,ranbir.ramanathan@gmail.com,1839105455,1975-02-28,Chennai,VERIFIED
788,Sneha Sen,sneha.sen@gmail.com,7817791397,1994-03-01,Chandigarh,VERIFIED
789,Chandresh Dora,chandresh.dora@gmail.com,7851715019,1982-10-24,Ahmedabad,VERIFIED
790,Diya Vig,diya.vig@gmail.com,0152695409,1991-08-26,Lucknow,VERIFIED
791,Karan Chaudhary,karan.chaudhary@gmail.com,2541808916,1977-07-16,Delhi,VERIFIED
792,Xiti Bajaj,xiti.bajaj@gmail.com,3256748070,2004-07-21,Bhopal,VERIFIED
793,Hritik Hari,hritik.hari@gmail.com,4734977522,1973-12-01,Noida,VERIFIED
794,Hardik Nayar,hardik.nayar@gmail.com,3942047656,1966-05-25,Lucknow,VERIFIED
795,Jai Memon,jai.memon@gmail.com,1798157562,1995-05-02,Indore,VERIFIED
796,Isaiah Dada,isaiah.dada@gmail.com,9812357860,1975-11-25,Kolkata,VERIFIED
797,Ekapad Grover,ekapad.grover@gmail.com,3632282740,1996-07-05,Lucknow,VERIFIED
798,Ekani Ramachandran,ekani.ramachandran@gmail.com,4461343771,2004-04-25,Kolkata,VERIFIED
799,Veer Ravi,veer.ravi@gmail.com,4011359890,1975-10-03,Bangalore,VERIFIED
800,Vedika Biswas,vedika.biswas@gmail.com,4954290400,1997-05-11,Lucknow,VERIFIED
801,Anya Choudhury,anya.choudhury@gmail.com,8512103043,1999-11-11,Bangalore,VERIFIED
802,Aishani Lata,aishani.lata@gmail.com,0525940150,1985-03-04,Hyderabad,VERIFIED
803,Anvi Chand,anvi.chand@gmail.com,9158783553,2008-01-04,Bhopal,VERIFIED
804,Ayaan Naik,ayaan.naik@gmail.com,2503746258,1988-02-16,Lucknow,VERIFIED
805,Kritika Sani,kritika.sani@gmail.com,7303689864,1967-11-08,Noida,VERIFIED
806,Divya Kulkarni,divya.kulkarni@gmail.com,0754751495,1975-10-24,Chandigarh,VERIFIED
807,Krishna Mohan,krishna.mohan@gmail.com,9272344621,1972-12-09,Ahmedabad,VERIFIED
808,Tamanna Gola,tamanna.gola@gmail.com,0963354867,1983-08-09,Mumbai,VERIFIED
809,Ishanvi Chaudhari,ishanvi.chaudhari@gmail.com,5557395708,1978-02-23,Pune,VERIFIED
810,Rishi Khosla,rishi.khosla@gmail.com,1355188263,2000-08-09,Kolkata,VERIFIED
811,Jatin Srivastava,jatin.srivastava@gmail.com,6435859410,1982-12-27,Hyderabad,VERIFIED
812,Nirja Varughese,nirja.varughese@gmail.com,6808951522,1996-09-11,Chennai,VERIFIED
813,Bhavini Chakraborty,bhavini.chakraborty@gmail.com,1798256165,1987-01-05,Lucknow,VERIFIED
814,Deepa Bhargava,deepa.bhargava@gmail.com,7488083824,1967-04-25,Gurgaon,VERIFIED
815,Bahadurjit Venkataraman,bahadurjit.venkataraman@gmail.com,8652053944,1970-12-30,Gurgaon,VERIFIED
816,Garima Lata,garima.lata@gmail.com,1451569171,1978-11-02,Chennai,VERIFIED
817,Ayushman Choudhry,ayushman.choudhry@gmail.com,5137592779,2001-11-28,Mumbai,VERIFIED
818,Arin Sabharwal,arin.sabharwal@gmail.com,2128803401,2000-02-28,Delhi,VERIFIED
819,Anusha Chanda,anusha.chanda@gmail.com,3429591630,2001-03-27,Hyderabad,VERIFIED
820,Janaki Vig,janaki.vig@gmail.com,2033093335,1974-12-29,Chandigarh,VERIFIED
821,Saanvi Padmanabhan,saanvi.padmanabhan@gmail.com,7573459110,1993-12-24,Noida,VERIFIED
822,Hritik Kumer,hritik.kumer@gmail.com,0866515605,1982-05-07,Jaipur,VERIFIED
823,Meera Swaminathan,meera.swaminathan@gmail.com,0826674916,2006-10-14,Noida,VERIFIED
824,Rehaan Mital,rehaan.mital@gmail.com,9429018960,1962-05-11,Chandigarh,VERIFIED
825,Jyoti Lala,jyoti.lala@gmail.com,2067601232,1995-07-25,Hyderabad,VERIFIED
826,Darpan Dani,darpan.dani@gmail.com,4574504873,1993-04-17,Pune,VERIFIED
827,Radhika Palla,radhika.palla@gmail.com,9014066480,1994-06-02,Chennai,VERIFIED
828,Harshil Sood,harshil.sood@gmail.com,3365029025,2007-08-13,Ahmedabad,VERIFIED
829,Yashodhara Khalsa,yashodhara.khalsa@gmail.com,7060288345,1969-03-18,Lucknow,VERIFIED
830,Ekavir Divan,ekavir.divan@gmail.com,5745610094,1978-06-04,Bhopal,VERIFIED
831,Rehaan Gade,rehaan.gade@gmail.com,9275512574,1977-03-08,Delhi,VERIFIED
832,Pranit Chahal,pranit.chahal@gmail.com,7268217573,1990-09-11,Gurgaon,VERIFIED
833,Ishita Mannan,ishita.mannan@gmail.com,3822738994,1993-08-04,Kolkata,VERIFIED
834,Darsh Korpal,darsh.korpal@gmail.com,6281165768,2007-02-12,Pune,VERIFIED
835,Ansh Chacko,ansh.chacko@gmail.com,9534336563,1971-01-09,Noida,VERIFIED
836,Yutika Tara,yutika.tara@gmail.com,0031108837,1987-01-26,Ahmedabad,VERIFIED
837,Max Dugar,max.dugar@gmail.com,9508503142,1971-10-06,Jaipur,VERIFIED
838,Ranbir Wason,ranbir.wason@gmail.com,6758611556,1995-03-24,Delhi,VERIFIED
839,Abhiram Badami,abhiram.badami@gmail.com,8981482891,1970-04-14,Chandigarh,VERIFIED
840,Parth Tak,parth.tak@gmail.com,2197026469,1994-05-02,Delhi,VERIFIED
841,Anika Ramakrishnan,anika.ramakrishnan@gmail.com,1642073749,1992-01-14,Mumbai,VERIFIED
842,Deepa Ravel,deepa.ravel@gmail.com,5631815044,1997-01-10,Ahmedabad,VERIFIED
843,Aradhana Seth,aradhana.seth@gmail.com,1134717905,1972-08-23,Gurgaon,VERIFIED
844,Bhavini Venkataraman,bhavini.venkataraman@gmail.com,6402826616,1979-05-12,Mumbai,VERIFIED
845,Laban Sheth,laban.sheth@gmail.com,0214116373,1994-07-24,Kanpur,VERIFIED
846,Chaitanya Dora,chaitanya.dora@gmail.com,3303422263,1960-08-21,Ahmedabad,VERIFIED
847,Vedika Gour,vedika.gour@gmail.com,5271047524,1981-07-18,Noida,VERIFIED
848,Nachiket Magar,nachiket.magar@gmail.com,1464468818,1969-09-23,Mumbai,VERIFIED
849,Laban Khalsa,laban.khalsa@gmail.com,0271598105,1995-12-20,Chandigarh,VERIFIED
850,Jack Varma,jack.varma@gmail.com,8427878397,1967-01-06,Lucknow,VERIFIED
851,Falan Thaker,falan.thaker@gmail.com,6902431079,1985-03-28,Ahmedabad,VERIFIED
852,Krish Saraf,krish.saraf@gmail.com,7039560856,1985-08-01,Pune,VERIFIED
853,Ronith Yadav,ronith.yadav@gmail.com,3267526808,1966-09-27,Chandigarh,VERIFIED
854,Azaan Jani,azaan.jani@gmail.com,0269234067,1977-03-31,Noida,VERIFIED
855,Gagan Majumdar,gagan.majumdar@gmail.com,1949467543,1995-03-22,Kolkata,VERIFIED
856,Darsh Saxena,darsh.saxena@gmail.com,1792633020,1973-04-12,Kolkata,VERIFIED
857,Krishna Oommen,krishna.oommen@gmail.com,0006090816,2005-10-08,Kanpur,VERIFIED
858,Rajata Ghosh,rajata.ghosh@gmail.com,2643441029,1997-04-10,Delhi,VERIFIED
859,Samesh Goswami,samesh.goswami@gmail.com,3520884432,1988-09-07,Indore,VERIFIED
860,Nakul Subramanian,nakul.subramanian@gmail.com,5435014611,1965-12-06,Ahmedabad,VERIFIED
861,Dipta Bali,dipta.bali@gmail.com,5921117675,1995-02-13,Pune,VERIFIED
862,Sneha Wadhwa,sneha.wadhwa@gmail.com,4269220183,1990-05-18,Noida,VERIFIED
863,Ganga Varkey,ganga.varkey@gmail.com,1379847445,1970-02-15,Bangalore,VERIFIED
864,Xalak Halder,xalak.halder@gmail.com,6360040298,1995-09-09,Kanpur,VERIFIED
865,Wishi Balasubramanian,wishi.balasubramanian@gmail.com,6774605684,1979-01-28,Bangalore,VERIFIED
866,Raghav Chhabra,raghav.chhabra@gmail.com,4727405707,1979-01-18,Mumbai,VERIFIED
867,Vyanjana Bakshi,vyanjana.bakshi@gmail.com,6477460705,2007-03-31,Bhopal,VERIFIED
868,Balvan Goel,balvan.goel@gmail.com,7587579016,1993-10-23,Mumbai,VERIFIED
869,Hema Keer,hema.keer@gmail.com,6564834484,1965-04-21,Bhopal,VERIFIED
870,Jeremiah Parsa,jeremiah.parsa@gmail.com,1320141655,1982-02-03,Pune,VERIFIED
871,Warda Das,warda.das@gmail.com,7431037211,1977-08-20,Bangalore,VERIFIED
872,Ranbir Rout,ranbir.rout@gmail.com,3808403688,1961-10-14,Gurgaon,VERIFIED
873,Sudiksha Shan,sudiksha.shan@gmail.com,3520040901,1980-10-05,Bhopal,VERIFIED
874,Faqid Devan,faqid.devan@gmail.com,7986575675,1979-01-07,Noida,VERIFIED
875,Omya Sama,omya.sama@gmail.com,7611794353,1978-12-09,Gurgaon,VERIFIED
876,Yachana Bajaj,yachana.bajaj@gmail.com,5388511763,1968-10-29,Lucknow,VERIFIED
877,Waida Manne,waida.manne@gmail.com,5754084057,1969-11-05,Gurgaon,VERIFIED
878,Sanya Gera,sanya.gera@gmail.com,0034728710,1981-08-11,Indore,VERIFIED
879,Oliver Ray,oliver.ray@gmail.com,7989369991,2003-09-10,Ahmedabad,VERIFIED
880,Kamala Muni,kamala.muni@gmail.com,1844238689,1984-08-05,Ahmedabad,VERIFIED
881,Udant Murty,udant.murty@gmail.com,9482473565,1973-02-26,Lucknow,VERIFIED
882,Isha Seth,isha.seth@gmail.com,0372441781,1970-10-02,Gurgaon,VERIFIED
883,Wahab Vig,wahab.vig@gmail.com,7232576087,1994-04-11,Kanpur,VERIFIED
884,Osha Lal,osha.lal@gmail.com,9425605776,1982-08-18,Pune,VERIFIED
885,Neel Chhabra,neel.chhabra@gmail.com,4424858279,1985-07-17,Chandigarh,VERIFIED
886,Theodore Ratta,theodore.ratta@gmail.com,5495225059,1982-08-23,Gurgaon,VERIFIED
887,Ekavir Krishnan,ekavir.krishnan@gmail.com,1406067360,2001-03-08,Chennai,VERIFIED
888,Brijesh Chaudhry,brijesh.chaudhry@gmail.com,7100589200,1986-10-19,Mumbai,VERIFIED
889,Keya Sankar,keya.sankar@gmail.com,3896869193,1994-10-07,Hyderabad,VERIFIED
890,Tanvi Nigam,tanvi.nigam@gmail.com,5690968185,2001-09-06,Chennai,VERIFIED
891,Upkaar Rattan,upkaar.rattan@gmail.com,1784577710,1979-01-14,Gurgaon,VERIFIED
892,Luke Sarkar,luke.sarkar@gmail.com,3352390768,1974-03-25,Bangalore,VERIFIED
893,Panini Pandey,panini.pandey@gmail.com,0966207099,1991-05-05,Chennai,VERIFIED
894,Wishi Shere,wishi.shere@gmail.com,2315974573,1974-12-15,Bhopal,VERIFIED
895,Vanya Ben,vanya.ben@gmail.com,4635650966,1994-02-04,Chennai,VERIFIED
896,Chasmum Zacharia,chasmum.zacharia@gmail.com,3275693460,1997-08-21,Gurgaon,VERIFIED
897,Guneet Anand,guneet.anand@gmail.com,6343977550,2002-03-24,Kolkata,VERIFIED
898,Bakhshi Morar,bakhshi.morar@gmail.com,0072604478,2007-12-03,Mumbai,VERIFIED
899,Anirudh Suresh,anirudh.suresh@gmail.com,7061867441,1990-03-08,Hyderabad,VERIFIED
900,Girish Dube,girish.dube@gmail.com,8016192692,1984-07-08,Pune,VERIFIED
901,Sarthak Sekhon,sarthak.sekhon@gmail.com,1279760870,1964-08-25,Chandigarh,VERIFIED
902,Abha Sharma,abha.sharma@gmail.com,2905034519,1996-02-21,Indore,VERIFIED
903,Isaac Sandhu,isaac.sandhu@gmail.com,4702377134,1991-11-23,Indore,VERIFIED
904,Eta Bhatt,eta.bhatt@gmail.com,2069948963,1979-10-13,Hyderabad,VERIFIED
905,Upkaar Mohan,upkaar.mohan@gmail.com,7494101022,1982-05-29,Jaipur,VERIFIED
906,Jeet Gola,jeet.gola@gmail.com,2393879960,1995-08-13,Indore,VERIFIED
907,Mahika Mane,mahika.mane@gmail.com,0542151929,1993-06-02,Noida,VERIFIED
908,Brinda Karan,brinda.karan@gmail.com,8245525079,1982-01-28,Delhi,VERIFIED
909,Dalaja Gill,dalaja.gill@gmail.com,9728924152,2002-05-31,Kanpur,VERIFIED
910,Vasatika Dara,vasatika.dara@gmail.com,5023334867,1981-09-26,Indore,VERIFIED
911,Inaya Kothari,inaya.kothari@gmail.com,7618602397,1980-08-06,Ahmedabad,VERIFIED
912,Ucchal Krishnamurthy,ucchal.krishnamurthy@gmail.com,5350631167,1981-09-27,Pune,VERIFIED
913,Girik Nadig,girik.nadig@gmail.com,0245674545,1974-10-29,Hyderabad,VERIFIED
914,Garima Dey,garima.dey@gmail.com,0692846420,1985-08-19,Chennai,VERIFIED
915,Aradhana Purohit,aradhana.purohit@gmail.com,3025779946,1985-09-20,Lucknow,VERIFIED
916,Jai Sehgal,jai.sehgal@gmail.com,1632025117,1993-06-12,Indore,VERIFIED
917,Jagvi Ratta,jagvi.ratta@gmail.com,6126172970,1986-10-05,Bhopal,VERIFIED
918,Vaishnavi Talwar,vaishnavi.talwar@gmail.com,6365078424,1961-07-16,Gurgaon,VERIFIED
919,Megha Mammen,megha.mammen@gmail.com,7166932243,1996-06-08,Pune,VERIFIED
920,Hardik Rajan,hardik.rajan@gmail.com,8939953175,1977-09-05,Chennai,VERIFIED
921,Yahvi Pathak,yahvi.pathak@gmail.com,9348825702,1992-03-12,Indore,VERIFIED
922,Krishna Bahri,krishna.bahri@gmail.com,9835576344,1996-12-13,Hyderabad,VERIFIED
923,Ikshita Bora,ikshita.bora@gmail.com,0466112940,1974-11-30,Gurgaon,VERIFIED
924,Radha Bali,radha.bali@gmail.com,0314604260,1999-12-28,Hyderabad,VERIFIED
925,Ayush Nayak,ayush.nayak@gmail.com,5210434274,1987-09-13,Hyderabad,VERIFIED
926,Leela Varughese,leela.varughese@gmail.com,2570765144,1993-09-03,Noida,VERIFIED
927,Meera Om,meera.om@gmail.com,8474497266,1969-09-24,Chennai,VERIFIED
928,Sanya Mistry,sanya.mistry@gmail.com,7015493554,1980-12-27,Kanpur,VERIFIED
929,Viraj Zacharia,viraj.zacharia@gmail.com,6834188410,1966-07-12,Lucknow,VERIFIED
930,Teerth Golla,teerth.golla@gmail.com,6803928657,1975-06-11,Hyderabad,VERIFIED
931,Aachal Garg,aachal.garg@gmail.com,9755728589,1967-10-22,Chennai,VERIFIED
932,Rajeshri Khatri,rajeshri.khatri@gmail.com,5372849538,1981-11-16,Noida,VERIFIED
933,Zayyan Apte,zayyan.apte@gmail.com,0193311060,1970-07-05,Chandigarh,VERIFIED
934,Aahana Barman,aahana.barman@gmail.com,1125113448,2004-04-15,Chandigarh,VERIFIED
935,Ekiya Vora,ekiya.vora@gmail.com,0062793653,1966-11-04,Ahmedabad,VERIFIED
936,Siya Doshi,siya.doshi@gmail.com,4669843885,2000-10-09,Gurgaon,VERIFIED
937,Triya Shroff,triya.shroff@gmail.com,6049137360,1966-02-02,Jaipur,VERIFIED
938,Eiravati Dugar,eiravati.dugar@gmail.com,0026258084,1971-09-30,Gurgaon,VERIFIED
939,Pranav Parekh,pranav.parekh@gmail.com,3917917360,2001-07-22,Delhi,VERIFIED
940,Indali Behl,indali.behl@gmail.com,3566504139,1991-01-05,Ahmedabad,VERIFIED
941,Amaira Raval,amaira.raval@gmail.com,4290846416,2002-12-06,Kanpur,VERIFIED
942,Vaishnavi Sethi,vaishnavi.sethi@gmail.com,8808633984,1981-05-11,Bangalore,VERIFIED
943,Reva Dash,reva.dash@gmail.com,8029157806,1963-05-28,Kolkata,VERIFIED
944,Jairaj Khanna,jairaj.khanna@gmail.com,0723772182,1978-01-28,Ahmedabad,VERIFIED
945,Teerth Shankar,teerth.shankar@gmail.com,0178432184,1968-07-17,Jaipur,VERIFIED
946,Varenya Suresh,varenya.suresh@gmail.com,5731795063,1971-08-15,Pune,VERIFIED
947,Rachana Saha,rachana.saha@gmail.com,3649099246,1993-11-24,Chandigarh,VERIFIED
948,Charvi Palan,charvi.palan@gmail.com,2476827220,2000-07-04,Noida,VERIFIED
949,Ikshita Vig,ikshita.vig@gmail.com,8980411219,1976-04-28,Delhi,VERIFIED
950,Unni Kara,unni.kara@gmail.com,4689164026,2003-01-24,Bhopal,VERIFIED
951,Oni Sagar,oni.sagar@gmail.com,5171626235,1965-07-29,Delhi,VERIFIED
952,Aryan Hayre,aryan.hayre@gmail.com,2324215387,1989-12-18,Ahmedabad,VERIFIED
953,Jeevika Misra,jeevika.misra@gmail.com,5533095229,1982-10-01,Bhopal,VERIFIED
954,Robert Lad,robert.lad@gmail.com,1231569610,1978-08-17,Lucknow,VERIFIED
955,Damyanti Sekhon,damyanti.sekhon@gmail.com,9719507925,1961-06-23,Kolkata,VERIFIED
956,Owen Boase,owen.boase@gmail.com,9435938365,2006-01-24,Gurgaon,VERIFIED
957,Nitara Palan,nitara.palan@gmail.com,1984986597,1976-10-21,Kanpur,VERIFIED
958,Devansh Parmar,devansh.parmar@gmail.com,4055674868,1996-03-28,Hyderabad,VERIFIED
959,Noah Bhat,noah.bhat@gmail.com,0451202498,1975-04-11,Ahmedabad,VERIFIED
960,Xalak Sagar,xalak.sagar@gmail.com,9153544431,2001-11-06,Kanpur,VERIFIED
961,Gaurang Gour,gaurang.gour@gmail.com,2437566369,1963-08-17,Bhopal,VERIFIED
962,Meghana Thaker,meghana.thaker@gmail.com,5844288577,1980-02-24,Ahmedabad,VERIFIED
963,Libni Sami,libni.sami@gmail.com,7671450879,1998-09-19,Chandigarh,VERIFIED
964,Ayush Iyengar,ayush.iyengar@gmail.com,2973689245,1998-10-29,Noida,VERIFIED
965,Harshil Tandon,harshil.tandon@gmail.com,5144721497,1990-08-13,Lucknow,VERIFIED
966,Krishna Pau,krishna.pau@gmail.com,8069956148,1960-10-30,Kanpur,VERIFIED
967,Parth Kala,parth.kala@gmail.com,4917491373,1961-09-15,Bhopal,VERIFIED
968,Yash Pradhan,yash.pradhan@gmail.com,9484617078,1960-10-21,Indore,VERIFIED
969,Chakradev Dube,chakradev.dube@gmail.com,9101505742,1964-02-03,Pune,VERIFIED
970,Advika Lall,advika.lall@gmail.com,6184529919,1966-10-13,Indore,VERIFIED
971,Vidhi Narayan,vidhi.narayan@gmail.com,4558015572,1967-03-12,Bhopal,VERIFIED
972,Falguni Mody,falguni.mody@gmail.com,1630295225,1978-01-07,Kolkata,VERIFIED
973,Anvi Khalsa,anvi.khalsa@gmail.com,1974673134,1989-09-14,Chandigarh,VERIFIED
974,Zaid Sidhu,zaid.sidhu@gmail.com,9191423891,1988-12-03,Delhi,VERIFIED
975,Jairaj Kanda,jairaj.kanda@gmail.com,2014914321,1962-08-03,Pune,VERIFIED
976,Onkar Malhotra,onkar.malhotra@gmail.com,7376533211,1967-10-14,Gurgaon,VERIFIED
977,Alexander Agate,alexander.agate@gmail.com,0067060373,1981-12-18,Bhopal,VERIFIED
978,Charvi Pai,charvi.pai@gmail.com,8408489735,1968-03-17,Lucknow,VERIFIED
979,Anita Gopal,anita.gopal@gmail.com,7706260549,1999-08-15,Indore,VERIFIED
980,Faqid Dani,faqid.dani@gmail.com,7838965579,1996-05-09,Lucknow,VERIFIED
981,Saumya Dugal,saumya.dugal@gmail.com,8506797052,1981-04-11,Noida,VERIFIED
982,Champak Ramaswamy,champak.ramaswamy@gmail.com,5035921067,1989-12-12,Lucknow,VERIFIED
983,Isha Chandran,isha.chandran@gmail.com,9149268311,1994-10-17,Mumbai,VERIFIED
984,Frado Lad,frado.lad@gmail.com,4615487285,1990-07-08,Kolkata,VERIFIED
985,Udarsh Oza,udarsh.oza@gmail.com,6786573368,1971-08-31,Kolkata,VERIFIED
986,Jalsa Varughese,jalsa.varughese@gmail.com,6417441862,1993-02-14,Bhopal,VERIFIED
987,Aashi Kale,aashi.kale@gmail.com,6363012990,1980-05-17,Noida,VERIFIED
988,Wishi Joshi,wishi.joshi@gmail.com,7084318443,1966-11-12,Pune,VERIFIED
989,Imaran Sharma,imaran.sharma@gmail.com,8812883632,1980-06-15,Gurgaon,VERIFIED
990,Yash Chauhan,yash.chauhan@gmail.com,4695274545,1965-11-16,Bhopal,VERIFIED
991,Chatura Puri,chatura.puri@gmail.com,5188777638,1979-05-31,Jaipur,VERIFIED
992,Eiravati Baria,eiravati.baria@gmail.com,9799277732,1967-10-16,Lucknow,VERIFIED
993,Maya Rattan,maya.rattan@gmail.com,1562417975,1960-02-16,Bhopal,VERIFIED
994,Jai Narain,jai.narain@gmail.com,3823271912,1983-10-04,Kolkata,VERIFIED
995,Ladli Krishnamurthy,ladli.krishnamurthy@gmail.com,7553948127,1971-02-25,Chandigarh,VERIFIED
996,Hardik Kalita,hardik.kalita@gmail.com,5377669155,1970-09-03,Mumbai,VERIFIED
997,Andrew Sen,andrew.sen@gmail.com,2641112825,1974-05-23,Pune,VERIFIED
998,Falguni Chaudhary,falguni.chaudhary@gmail.com,1620949149,1998-02-02,Pune,VERIFIED
999,Alka Dewan,alka.dewan@gmail.com,7024585540,1994-03-05,Jaipur,VERIFIED
1000,Chaaya Bala,chaaya.bala@gmail.com,5273373108,2005-06-05,Jaipur,VERIFIED
